Make,Model,Vehicle Class,Engine Size(L),Cylinders,Transmission,Fuel Type,Fuel Consumption (City (L/100 km),Fuel Consumption(Hwy (L/100 km)),Fuel Consumption(Comb (L/100 km)),CO2 Emissions(g/km),CO2 Rating,Smog Rating,Region
Acura,ILX,Compact,2.4,4,AM8,Z,9.9,7.0,8.6,200,6,3,Asia
Acura,MDX SH-AWD,SUV: Small,3.5,6,AS10,Z,12.6,9.4,11.2,263,4,5,Asia
Acura,RDX SH-AWD,SUV: Small,2.0,4,AS10,Z,11.0,8.6,9.9,232,5,6,Asia
Acura,RDX SH-AWD A-SPEC,SUV: Small,2.0,4,AS10,Z,11.3,9.1,10.3,242,5,6,Asia
Acura,TLX SH-AWD,Compact,2.0,4,AS10,Z,11.2,8.0,9.8,230,5,7,Asia
Acura,TLX SH-AWD A-SPEC,Compact,2.0,4,AS10,Z,11.3,8.1,9.8,231,5,7,Asia
Acura,TLX Type S,Compact,3.0,6,AS10,Z,12.3,9.4,11.0,256,5,5,Asia
Acura,TLX Type S (Performance Tire),Compact,3.0,6,AS10,Z,12.3,9.8,11.2,261,4,5,Asia
Alfa Romeo,Giulia,Mid-size,2.0,4,A8,Z,10.0,7.2,8.7,205,6,3,Europe
Alfa Romeo,Giulia AWD,Mid-size,2.0,4,A8,Z,10.5,7.7,9.2,217,5,3,Europe
Alfa Romeo,Giulia Quadrifoglio,Mid-size,2.9,6,A8,Z,13.5,9.3,11.6,271,4,3,Europe
Alfa Romeo,Stelvio,SUV: Small,2.0,4,A8,Z,10.3,8.1,9.3,218,5,3,Europe
Alfa Romeo,Stelvio AWD,SUV: Small,2.0,4,A8,Z,10.8,8.3,9.6,226,5,3,Europe
Alfa Romeo,Stelvio AWD Quadrifoglio,SUV: Small,2.9,6,A8,Z,13.9,10.3,12.3,288,4,3,Europe
Aston Martin,DB11 V8,Minicompact,4.0,8,A8,Z,13.0,9.8,11.5,271,4,5,Europe
Aston Martin,DB11 V12,Minicompact,5.2,12,A8,Z,16.4,10.7,13.8,324,3,3,Europe
Aston Martin,DBS V12,Minicompact,5.2,12,A8,Z,16.4,10.7,13.8,324,3,3,Europe
Aston Martin,DBX V8,SUV: Standard,4.0,8,A9,Z,16.8,11.9,14.6,343,3,5,Europe
Aston Martin,Vantage V8,Two-seater,4.0,8,A8,Z,13.1,9.6,11.5,270,4,5,Europe
Audi,A3 Sedan 40 TFSI quattro,Subcompact,2.0,4,AM7,X,8.5,6.6,7.6,178,7,7,Europe
Audi,A4 Sedan 40 TFSI quattro,Compact,2.0,4,AM7,Z,9.1,7.0,8.2,190,6,5,Europe
Audi,A4 Sedan 45 TFSI quattro,Compact,2.0,4,AM7,Z,9.8,7.6,8.8,205,6,5,Europe
Audi,A4 allroad 45 TFSI quattro,Station wagon: Small,2.0,4,AM7,Z,9.8,7.9,8.9,208,6,5,Europe
Audi,A5 Cabriolet 45 TFSI quattro,Subcompact,2.0,4,AM7,Z,10.4,7.5,9.1,214,5,5,Europe
Audi,A5 Coupe 45 TFSI quattro,Subcompact,2.0,4,AM7,Z,9.8,7.6,8.8,205,6,5,Europe
Audi,A5 Sportback 45 TFSI quattro,Mid-size,2.0,4,AM7,Z,9.8,7.6,8.8,205,6,5,Europe
Audi,A6 Sedan 45 TFSI quattro,Mid-size,2.0,4,AM7,Z,10.2,7.4,8.9,208,6,5,Europe
Audi,A6 Sedan 55 TFSI quattro,Mid-size,3.0,6,AM7,Z,11.1,7.8,9.6,224,5,5,Europe
Audi,A6 allroad 55 TFSI quattro,Station wagon: Mid-size,3.0,6,AM7,Z,11.5,8.3,10.0,234,5,5,Europe
Audi,A7 Sportback 55 TFSI quattro,Mid-size,3.0,6,AM7,Z,11.1,7.8,9.6,224,5,5,Europe
Audi,A8 L Sedan 55 TFSI quattro,Full-size,3.0,6,AS8,Z,12.6,8.3,10.6,248,5,5,Europe
Audi,Q3 40 TFSI quattro,SUV: Small,2.0,4,AS8,X,10.4,7.7,9.2,215,5,7,Europe
Audi,Q3 45 TFSI quattro,SUV: Small,2.0,4,AS8,X,11.4,8.3,10.0,233,5,7,Europe
Audi,Q5 40 TFSI quattro,SUV: Small,2.0,4,AM7,Z,10.3,8.1,9.3,217,5,5,Europe
Audi,Q5 45 TFSI quattro,SUV: Small,2.0,4,AM7,Z,10.3,8.4,9.4,220,5,5,Europe
Audi,Q5 Sportback 45 TFSI quattro,SUV: Small,2.0,4,AM7,Z,10.3,8.4,9.4,220,5,5,Europe
Audi,Q7 45 TFSI quattro,SUV: Standard,2.0,4,AS8,Z,12.0,9.4,10.8,252,5,3,Europe
Audi,Q7 55 TFSI quattro,SUV: Standard,3.0,6,AS8,Z,12.8,10.5,11.7,273,4,5,Europe
Audi,Q8 55 TFSI quattro,SUV: Standard,3.0,6,AS8,Z,12.8,10.5,11.7,273,4,5,Europe
Audi,R8 Coupe Performance,Two-seater,5.2,10,AM7,Z,16.7,10.3,13.8,322,3,1,Europe
Audi,R8 Coupe Performance quattro,Two-seater,5.2,10,AM7,Z,17.9,12.1,15.3,356,3,1,Europe
Audi,R8 Spyder Performance,Two-seater,5.2,10,AM7,Z,16.7,10.3,13.8,322,3,1,Europe
Audi,R8 Spyder Performance quattro,Two-seater,5.2,10,AM7,Z,17.9,12.1,15.3,356,3,1,Europe
Audi,RS 5 Coupe quattro,Subcompact,2.9,6,AS8,Z,13.0,9.4,11.4,267,4,5,Europe
Audi,RS 5 Sportback quattro,Mid-size,2.9,6,AS8,Z,13.1,9.4,11.4,268,4,5,Europe
Audi,RS 6 Avant quattro,Station wagon: Mid-size,4.0,8,AS8,Z,16.1,10.7,13.7,319,3,3,Europe
Audi,RS 7 Sportback quattro,Mid-size,4.0,8,AS8,Z,16.0,10.5,13.5,315,3,3,Europe
Audi,RS Q8 quattro,SUV: Standard,4.0,8,AS8,Z,18.0,12.3,15.4,360,2,3,Europe
Audi,S3 Sedan quattro,Subcompact,2.0,4,AM7,Z,10.0,7.2,8.8,206,6,5,Europe
Audi,S4 Sedan quattro,Compact,3.0,6,AS8,Z,11.1,8.0,9.7,227,5,5,Europe
Audi,S5 Cabriolet quattro,Subcompact,3.0,6,AS8,Z,11.3,8.4,10.0,233,5,5,Europe
Audi,S5 Coupe quattro,Subcompact,3.0,6,AS8,Z,11.1,8.0,9.7,227,5,5,Europe
Audi,S5 Sportback quattro,Mid-size,3.0,6,AS8,Z,11.1,8.0,9.7,227,5,5,Europe
Audi,S6 Sedan quattro,Mid-size,2.9,6,AS8,Z,12.8,8.5,10.9,254,5,5,Europe
Audi,S7 Sportback quattro,Mid-size,2.9,6,AS8,Z,12.8,8.5,10.9,254,5,5,Europe
Audi,S8 Sedan quattro,Full-size,4.0,8,AS8,Z,16.9,10.2,13.8,323,3,3,Europe
Audi,SQ5 quattro,SUV: Small,3.0,6,AS8,Z,12.5,9.7,11.2,262,4,5,Europe
Audi,SQ5 Sportback quattro,SUV: Small,3.0,6,AS8,Z,12.5,9.7,11.2,262,4,5,Europe
Audi,SQ7 quattro,SUV: Standard,4.0,8,AS8,Z,16.0,11.4,13.9,325,3,3,Europe
Audi,SQ8 quattro,SUV: Standard,4.0,8,AS8,Z,16.0,11.4,13.9,325,3,3,Europe
Audi,TT Coupe 45 TFSI quattro,Subcompact,2.0,4,AM7,X,10.5,7.9,9.4,218,5,7,Europe
Audi,TT Roadster 45 TFSI quattro,Two-seater,2.0,4,AM7,X,10.5,7.9,9.4,218,5,7,Europe
Audi,TT RS Coupe quattro,Subcompact,2.5,5,AM7,Z,11.7,8.1,10.1,235,5,3,Europe
Audi,TTS Coupe quattro,Subcompact,2.0,4,AM7,Z,10.0,7.7,9.0,209,5,3,Europe
Bentley,Bentayga,SUV: Standard,4.0,8,AS8,Z,15.8,9.9,13.2,309,3,3,Europe
Bentley,Bentayga Speed,SUV: Standard,6.0,12,AS8,Z,19.0,13.0,16.3,383,2,3,Europe
Bentley,Continental GT,Subcompact,4.0,8,AM8,Z,14.9,9.0,12.2,287,4,3,Europe
Bentley,Continental GT Speed,Subcompact,6.0,12,AM8,Z,19.6,12.0,16.2,379,2,3,Europe
Bentley,Continental GT Convertible,Minicompact,4.0,8,AM8,Z,15.2,9.2,12.5,294,4,3,Europe
Bentley,Continental GT Convertible Speed,Minicompact,6.0,12,AM8,Z,20.3,12.9,17.0,395,2,3,Europe
Bentley,Flying Spur,Mid-size,4.0,8,AM8,Z,15.5,11.6,13.7,323,3,3,Europe
Bentley,Flying Spur,Mid-size,6.0,12,AM8,Z,19.2,12.2,16.0,373,2,3,Europe
BMW,330i xDrive Sedan,Compact,2.0,4,AS8,Z,9.5,6.9,8.3,195,6,7,Europe
BMW,430i xDrive Cabriolet,Subcompact,2.0,4,AS8,Z,10.0,7.1,8.7,202,6,7,Europe
BMW,430i xDrive Coupe,Subcompact,2.0,4,AS8,Z,10.0,7.1,8.7,202,6,7,Europe
BMW,530i xDrive Sedan,Mid-size,2.0,4,AS8,Z,10.1,7.4,8.9,206,6,7,Europe
BMW,540i xDrive Sedan,Full-size,3.0,6,AS8,Z,10.5,8.1,9.4,219,5,5,Europe
BMW,750i xDrive Sedan,Full-size,4.4,8,AS8,Z,13.9,9.6,12.0,279,4,3,Europe
BMW,750Li xDrive Sedan,Full-size,4.4,8,AS8,Z,13.9,9.6,12.0,279,4,3,Europe
BMW,Alpina B7,Full-size,4.4,8,AS8,Z,13.9,9.6,12.0,279,4,3,Europe
BMW,Alpina B8 Gran Coupe,Mid-size,4.4,8,AS8,Z,13.9,9.6,12.0,279,4,3,Europe
BMW,Alpina XB7,SUV: Standard,4.4,8,AS8,Z,15.7,11.5,13.8,321,3,3,Europe
BMW,M235i xDrive Gran Coupe,Compact,2.0,4,AS8,Z,10.4,7.8,9.2,214,5,3,Europe
BMW,M240i xDrive Coupe,Subcompact,3.0,6,AS8,Z,10.4,7.5,9.1,212,5,5,Europe
BMW,M3 Sedan,Compact,3.0,6,M6,Z,14.7,10.1,12.6,293,4,5,Europe
BMW,M3 Competition Sedan,Compact,3.0,6,AS8,Z,14.5,10.2,12.6,292,4,5,Europe
BMW,M3 Competition Sedan M xDrive,Compact,3.0,6,AS8,Z,14.6,10.5,12.7,296,4,5,Europe
BMW,M340i xDrive Sedan,Compact,3.0,6,AS8,Z,10.4,7.7,9.2,214,5,5,Europe
BMW,M4 Competition Cabriolet M xDrive,Subcompact,3.0,6,AS8,Z,15.1,10.4,12.9,301,3,5,Europe
BMW,M4 Coupe,Subcompact,3.0,6,M6,Z,14.7,10.1,12.6,293,4,5,Europe
BMW,M4 Competition Coupe,Subcompact,3.0,6,AS8,Z,14.5,10.2,12.6,292,4,5,Europe
BMW,M4 Competition Coupe M xDrive,Subcompact,3.0,6,AS8,Z,14.6,10.5,12.7,296,4,5,Europe
BMW,M440i xDrive Cabriolet,Subcompact,3.0,6,AS8,Z,10.4,7.4,9.1,211,5,5,Europe
BMW,M440i xDrive Coupe,Subcompact,3.0,6,AS8,Z,10.4,7.7,9.2,214,5,5,Europe
BMW,M440i xDrive Gran Coupe,Compact,3.0,6,AS8,Z,10.9,8.0,9.6,224,5,5,Europe
BMW,M5 Sedan,Mid-size,4.4,8,AS8,Z,16.1,11.0,13.8,322,3,3,Europe
BMW,M5 Competition,Mid-size,4.4,8,AS8,Z,16.1,11.0,13.8,322,3,3,Europe
BMW,M5 CS,Mid-size,4.4,8,AS8,Z,16.1,11.0,13.8,322,3,3,Europe
BMW,M550i xDrive Sedan,Mid-size,4.4,8,AS8,Z,13.5,9.3,11.6,271,4,3,Europe
BMW,M760i xDrive Sedan,Full-size,6.6,12,AS8,Z,17.8,11.9,15.1,354,3,3,Europe
BMW,M8 Cabriolet,Subcompact,4.4,8,AS8,Z,16.1,11.0,13.8,322,3,3,Europe
BMW,M8 Cabriolet Competition,Subcompact,4.4,8,AS8,Z,16.1,11.0,13.8,322,3,3,Europe
BMW,M8 Coupe,Subcompact,4.4,8,AS8,Z,16.1,11.0,13.8,322,3,3,Europe
BMW,M8 Coupe Competition,Subcompact,4.4,8,AS8,Z,16.1,11.0,13.8,322,3,3,Europe
BMW,M8 Gran Coupe,Mid-size,4.4,8,AS8,Z,16.1,11.0,13.8,322,3,3,Europe
BMW,M8 Gran Coupe Competition,Mid-size,4.4,8,AS8,Z,16.1,11.0,13.8,322,3,3,Europe
BMW,M850i xDrive Cabriolet,Subcompact,4.4,8,AS8,Z,13.9,9.6,12.0,279,4,3,Europe
BMW,M850i xDrive Coupe,Subcompact,4.4,8,AS8,Z,13.5,9.3,11.6,271,4,3,Europe
BMW,M850i xDrive Gran Coupe,Mid-size,4.4,8,AS8,Z,13.9,9.6,12.0,279,4,3,Europe
BMW,X1 xDrive28i,SUV: Small,2.0,4,AS8,Z,10.3,7.7,9.1,213,5,7,Europe
BMW,X2 xDrive28i,SUV: Small,2.0,4,AS8,Z,9.9,7.6,8.8,207,6,7,Europe
BMW,X2 M35i,SUV: Small,2.0,4,AS8,Z,9.9,7.6,8.9,207,6,3,Europe
BMW,X3 xDrive30i,SUV: Small,2.0,4,AS8,Z,11.0,8.5,9.9,230,5,7,Europe
BMW,X3 M,SUV: Small,3.0,6,AS8,Z,15.7,11.7,13.9,323,3,3,Europe
BMW,X3 M Competition,SUV: Small,3.0,6,AS8,Z,15.7,11.7,13.9,323,3,3,Europe
BMW,X3 M40i,SUV: Small,3.0,6,AS8,Z,11.2,9.1,10.3,241,5,5,Europe
BMW,X4 xDrive30i,SUV: Small,2.0,4,AS8,Z,11.0,8.5,9.9,230,5,7,Europe
BMW,X4 M,SUV: Small,3.0,6,AS8,Z,15.7,11.7,13.9,323,3,3,Europe
BMW,X4 M Competition,SUV: Small,3.0,6,AS8,Z,15.7,11.7,13.9,323,3,3,Europe
BMW,X4 M40i,SUV: Small,3.0,6,AS8,Z,11.2,9.1,10.3,241,5,5,Europe
BMW,X5 xDrive40i,SUV: Standard,3.0,6,AS8,Z,11.3,9.2,10.4,241,5,3,Europe
BMW,X5 M,SUV: Standard,4.4,8,AS8,Z,17.9,13.0,15.7,364,2,3,Europe
BMW,X5 M Competition,SUV: Standard,4.4,8,AS8,Z,17.9,13.0,15.7,364,2,3,Europe
BMW,X5 M50i,SUV: Standard,4.4,8,AS8,Z,14.4,10.6,12.7,302,3,3,Europe
BMW,X6 xDrive40i,SUV: Standard,3.0,6,AS8,Z,11.3,9.2,10.4,241,5,3,Europe
BMW,X6 M,SUV: Standard,4.4,8,AS8,Z,17.9,13.0,15.7,364,2,3,Europe
BMW,X6 M Competition,SUV: Standard,4.4,8,AS8,Z,17.9,13.0,15.7,364,2,3,Europe
BMW,X6 M50i,SUV: Standard,4.4,8,AS8,Z,14.4,10.6,12.7,302,3,3,Europe
BMW,X7 xDrive40i,SUV: Standard,3.0,6,AS8,Z,12.1,9.8,11.1,256,5,3,Europe
BMW,X7 M50i,SUV: Standard,4.4,8,AS8,Z,15.7,11.5,13.8,321,3,3,Europe
BMW,Z4 sDrive30i,Two-seater,2.0,4,AS8,Z,9.4,7.4,8.5,199,6,7,Europe
BMW,Z4 M40i,Two-seater,3.0,6,AS8,Z,10.8,8.1,9.6,223,5,5,Europe
Bugatti,Chiron,Two-seater,8.0,16,AM7,Z,26.8,16.6,22.2,522,1,1,Europe
Bugatti,Chiron Pur Sport,Two-seater,8.0,16,AM7,Z,30.3,20.9,26.1,608,1,1,Europe
Bugatti,Chiron Super Sport,Two-seater,8.0,16,AM7,Z,30.3,20.9,26.1,608,1,1,Europe
Buick,Enclave,SUV: Standard,3.6,6,A9,X,13.0,9.1,11.2,263,4,6,America
Buick,Enclave AWD,SUV: Standard,3.6,6,A9,X,13.6,9.6,11.8,277,4,6,America
Buick,Encore,SUV: Small,1.4,4,AS6,X,9.7,7.3,8.6,201,6,7,America
Buick,Encore AWD,SUV: Small,1.4,4,AS6,X,10.2,7.7,9.1,214,5,7,America
Buick,Encore GX,SUV: Small,1.2,3,AV,X,8.0,7.6,7.8,184,6,7,America
Buick,Encore GX,SUV: Small,1.3,3,AV,X,8.2,7.4,7.9,185,6,7,America
Buick,Encore GX AWD,SUV: Small,1.3,3,A9,X,9.0,8.2,8.6,201,6,7,America
Buick,Envision,SUV: Small,2.0,4,AS9,X,10.0,7.6,8.9,209,5,7,America
Buick,Envision AWD,SUV: Small,2.0,4,AS9,X,10.5,8.2,9.5,220,5,7,America
Cadillac,CT4,Compact,2.0,4,AS8,Z,10.2,7.0,8.8,206,6,7,America
Cadillac,CT4,Compact,2.7,4,AS10,Z,11.0,7.6,9.5,221,5,6,America
Cadillac,CT4 AWD,Compact,2.0,4,AS8,Z,10.5,7.6,9.2,216,5,7,America
Cadillac,CT4 AWD,Compact,2.7,4,AS10,Z,11.4,8.2,10.0,233,5,6,America
Cadillac,CT4-V,Compact,2.7,4,AS10,Z,11.9,8.2,10.2,239,5,6,America
Cadillac,CT4-V AWD,Compact,2.7,4,AS10,Z,12.0,8.4,10.4,244,5,6,America
Cadillac,CT4-V Blackwing,Compact,3.6,6,AS10,Z,15.0,9.7,12.6,297,4,5,America
Cadillac,CT4-V Blackwing,Compact,3.6,6,M6,Z,15.2,10.2,13.0,303,3,5,America
Cadillac,CT5,Mid-size,2.0,4,AS10,Z,10.3,7.1,8.8,207,6,7,America
Cadillac,CT5,Mid-size,3.0,6,AS10,Z,12.4,8.7,10.7,252,5,5,America
Cadillac,CT5 AWD,Mid-size,2.0,4,AS10,Z,10.9,7.8,9.5,222,5,7,America
Cadillac,CT5 AWD,Mid-size,3.0,6,AS10,Z,12.8,9.1,11.1,260,4,5,America
Cadillac,CT5-V,Mid-size,3.0,6,AS10,Z,12.8,8.7,11.0,258,4,5,America
Cadillac,CT5-V AWD,Mid-size,3.0,6,AS10,Z,12.8,9.1,11.1,260,4,5,America
Cadillac,CT5-V Blackwing,Mid-size,6.2,8,AS10,Z,18.1,10.7,14.8,346,3,3,America
Cadillac,CT5-V Blackwing,Mid-size,6.2,8,M6,Z,18.3,11.4,15.2,356,3,3,America
Cadillac,Escalade 4WD,SUV: Standard,3.0,6,A10,D,11.7,9.0,10.5,281,4,3,America
Cadillac,Escalade 4WD,SUV: Standard,6.2,8,A10,Z,16.3,12.7,14.7,345,3,6,America
Cadillac,Escalade 4WD (No Stop-Start),SUV: Standard,6.2,8,A10,Z,17.0,12.7,15.1,353,3,6,America
Cadillac,XT4,SUV: Small,2.0,4,AS9,Z,10.0,7.8,9.0,211,5,7,America
Cadillac,XT4 AWD,SUV: Small,2.0,4,AS9,Z,10.9,8.2,9.7,225,5,7,America
Cadillac,XT5,SUV: Small,2.0,4,AS9,Z,10.8,8.2,9.6,225,5,7,America
Cadillac,XT5 AWD,SUV: Small,2.0,4,AS9,Z,11.2,8.7,10.1,237,5,7,America
Cadillac,XT5 AWD,SUV: Small,3.6,6,AS9,X,12.9,9.2,11.2,263,4,6,America
Cadillac,XT6 AWD,SUV: Small,2.0,4,AS9,Z,11.2,9.0,10.2,239,5,7,America
Cadillac,XT6 AWD,SUV: Small,3.6,6,AS9,X,13.1,9.5,11.5,269,4,6,America
Chevrolet,Blazer,SUV: Small,2.0,4,A9,X,10.6,8.0,9.4,221,5,7,America
Chevrolet,Blazer,SUV: Small,3.6,6,A9,X,12.3,8.8,10.7,252,5,6,America
Chevrolet,Blazer AWD,SUV: Small,2.0,4,A9,X,10.8,8.7,9.9,232,5,7,America
Chevrolet,Blazer AWD,SUV: Small,3.6,6,A9,X,12.6,9.2,11.0,259,4,6,America
Chevrolet,Camaro,Subcompact,2.0,4,AS8,Z,10.9,7.8,9.5,222,5,5,America
Chevrolet,Camaro,Subcompact,2.0,4,M6,Z,12.6,8.0,10.5,239,5,5,America
Chevrolet,Camaro,Subcompact,3.6,6,AS10,X,12.8,8.1,10.7,251,5,6,America
Chevrolet,Camaro,Subcompact,3.6,6,M6,X,14.4,9.1,12.0,281,4,6,America
Chevrolet,Camaro SS,Subcompact,6.2,8,AS10,Z,14.6,8.9,12.0,281,4,1,America
Chevrolet,Camaro SS,Subcompact,6.2,8,M6,Z,14.9,9.9,12.6,296,4,1,America
Chevrolet,Camaro ZL1,Subcompact,6.2,8,AS10,Z,18.3,11.2,15.1,355,3,1,America
Chevrolet,Camaro ZL1,Subcompact,6.2,8,M6,Z,17.2,12.0,14.9,349,3,1,America
Chevrolet,Colorado,Pickup truck: Small,2.5,4,A6,X,12.2,9.4,10.9,257,5,6,America
Chevrolet,Colorado,Pickup truck: Small,2.8,4,A6,D,11.8,7.9,10.1,270,4,3,America
Chevrolet,Colorado,Pickup truck: Small,3.6,6,A8,X,12.9,9.3,11.3,263,4,6,America
Chevrolet,Colorado 4WD,Pickup truck: Small,2.5,4,A6,X,12.6,9.9,11.4,267,4,6,America
Chevrolet,Colorado 4WD,Pickup truck: Small,2.8,4,A6,D,12.2,8.4,10.5,283,4,3,America
Chevrolet,Colorado 4WD,Pickup truck: Small,3.6,6,A8,X,14.0,9.9,12.1,283,4,6,America
Chevrolet,Colorado ZR2 4WD,Pickup truck: Small,2.8,4,A6,D,13.3,10.6,12.1,326,3,3,America
Chevrolet,Colorado ZR2 4WD,Pickup truck: Small,3.6,6,A8,X,15.0,13.0,14.1,329,3,6,America
Chevrolet,Corvette,Two-seater,6.2,8,AS8,Z,15.1,9.6,12.6,297,4,5,America
Chevrolet,Equinox,SUV: Small,1.5,4,A6,X,8.9,7.7,8.4,198,6,7,America
Chevrolet,Equinox AWD,SUV: Small,1.5,4,A6,X,9.4,8.0,8.8,208,6,7,America
Chevrolet,Malibu,Mid-size,1.5,4,AV,X,8.2,6.6,7.5,175,7,7,America
Chevrolet,Malibu,Mid-size,2.0,4,A9,Z,10.7,7.1,9.1,213,5,5,America
Chevrolet,Silverado,Pickup truck: Standard,2.7,4,A8,X,12.5,10.6,11.6,274,4,6,America
Chevrolet,Silverado,Pickup truck: Standard,3.0,6,A10,D,10.2,7.5,8.9,240,5,3,America
Chevrolet,Silverado FFV,Pickup truck: Standard,5.3,8,A6,X,16.2,12.3,14.5,341,3,3,America
Chevrolet,Silverado FFV,Pickup truck: Standard,5.3,8,A6,E,21.5,16.0,19.1,321,3,3,America
Chevrolet,Silverado,Pickup truck: Standard,5.3,8,A8,X,15.1,11.3,13.4,314,3,6,America
Chevrolet,Silverado,Pickup truck: Standard,5.3,8,A10,X,14.4,11.3,13.0,304,3,6,America
Chevrolet,Silverado 4WD,Pickup truck: Standard,2.7,4,A8,X,13.9,12.0,13.1,306,3,6,America
Chevrolet,Silverado 4WD Mud Terrain Tire,Pickup truck: Standard,2.7,4,A8,X,14.7,13.1,14.0,328,3,6,America
Chevrolet,Silverado 4WD,Pickup truck: Standard,3.0,6,A10,D,10.9,9.1,10.1,272,4,3,America
Chevrolet,Silverado 4WD (With Sport Mode),Pickup truck: Standard,3.0,6,A10,D,10.5,9.1,9.9,265,4,3,America
Chevrolet,Silverado 4WD Mud Terrain Tire,Pickup truck: Standard,3.0,6,A10,D,11.8,10.3,11.2,298,4,3,America
Chevrolet,Silverado 4WD FFV,Pickup truck: Standard,5.3,8,A6,X,16.5,12.8,14.8,347,3,3,America
Chevrolet,Silverado 4WD FFV,Pickup truck: Standard,5.3,8,A6,E,22.0,16.4,19.5,326,3,3,America
Chevrolet,Silverado 4WD Mud Terrain Tire FFV,Pickup truck: Standard,5.3,8,A6,X,17.4,14.7,16.2,380,2,3,America
Chevrolet,Silverado 4WD Mud Terrain Tire FFV,Pickup truck: Standard,5.3,8,A6,E,23.1,19.6,21.5,358,2,3,America
Chevrolet,Silverado 4WD,Pickup truck: Standard,5.3,8,A8,X,15.6,11.9,13.9,327,3,6,America
Chevrolet,Silverado 4WD Mud Terrain Tire,Pickup truck: Standard,5.3,8,A8,X,16.9,13.3,15.3,359,2,6,America
Chevrolet,Silverado 4WD,Pickup truck: Standard,5.3,8,A10,X,14.7,11.8,13.4,314,3,6,America
Chevrolet,Silverado 4WD (No DFM),Pickup truck: Standard,5.3,8,A10,X,16.8,12.4,14.8,347,3,6,America
Chevrolet,Silverado 4WD (With Sport Mode),Pickup truck: Standard,5.3,8,A10,X,15.3,12.3,13.9,327,3,6,America
Chevrolet,Silverado 4WD (No Stop-Start),Pickup truck: Standard,5.3,8,A10,X,16.1,12.4,14.4,339,3,6,America
Chevrolet,Silverado 4WD Mud Terrain Tire,Pickup truck: Standard,5.3,8,A10,X,16.6,14.0,15.4,361,2,6,America
Chevrolet,Silverado 4WD Mud Terrain Tire (No Stop-Start),Pickup truck: Standard,5.3,8,A10,X,16.8,13.9,15.5,364,2,6,America
Chevrolet,Silverado 4WD Mud Terrain Tire (No DFM),Pickup truck: Standard,5.3,8,A10,X,18.1,13.8,16.2,381,2,6,America
Chevrolet,Silverado 4WD,Pickup truck: Standard,6.2,8,A10,Z,15.7,11.9,14.0,329,3,6,America
Chevrolet,Silverado 4WD (No Stop-Start),Pickup truck: Standard,6.2,8,A10,Z,16.6,12.3,14.7,345,3,6,America
Chevrolet,Silverado 4WD Custom Trail Boss,Pickup truck: Standard,6.2,8,A10,Z,16.5,13.2,15.0,352,3,6,America
Chevrolet,Silverado 4WD Mud Terrain Tire,Pickup truck: Standard,6.2,8,A10,Z,16.5,13.2,15.0,352,3,6,America
Chevrolet,Silverado 4WD Mud Terrain Tire (No Stop-Start),Pickup truck: Standard,6.2,8,A10,Z,18.2,14.2,16.4,385,2,6,America
Chevrolet,Silverado 4WD ZR2,Pickup truck: Standard,6.2,8,A10,Z,16.7,14.1,15.5,366,2,6,America
Chevrolet,Spark,Subcompact,1.4,4,AV,X,7.7,6.2,7.0,165,7,5,America
Chevrolet,Spark,Subcompact,1.4,4,M5,X,8.0,6.2,7.2,170,7,5,America
Chevrolet,Suburban,SUV: Standard,3.0,6,A10,D,11.2,8.7,10.1,272,4,3,America
Chevrolet,Suburban,SUV: Standard,5.3,8,A10,X,15.8,11.8,14.0,327,3,6,America
Chevrolet,Suburban (No Stop-Start),SUV: Standard,5.3,8,A10,X,16.0,11.9,14.1,332,3,6,America
Chevrolet,Suburban 4WD,SUV: Standard,3.0,6,A10,D,11.7,9.0,10.5,281,4,3,America
Chevrolet,Suburban 4WD,SUV: Standard,5.3,8,A10,X,15.9,12.4,14.3,336,3,6,America
Chevrolet,Suburban 4WD (No Stop-Start),SUV: Standard,5.3,8,A10,X,17.0,12.7,15.1,354,3,6,America
Chevrolet,Suburban 4WD,SUV: Standard,6.2,8,A10,Z,16.3,12.7,14.7,345,3,6,America
Chevrolet,Suburban 4WD (No Stop-Start),SUV: Standard,6.2,8,A10,Z,17.0,12.7,15.1,353,3,6,America
Chevrolet,Tahoe,SUV: Standard,3.0,6,A10,D,11.0,8.4,9.8,263,4,3,America
Chevrolet,Tahoe,SUV: Standard,5.3,8,A10,X,15.8,11.8,14.0,327,3,6,America
Chevrolet,Tahoe (No Stop-Start),SUV: Standard,5.3,8,A10,X,16.0,11.9,14.1,332,3,6,America
Chevrolet,Tahoe 4WD,SUV: Standard,3.0,6,A10,D,11.7,9.0,10.5,281,4,3,America
Chevrolet,Tahoe 4WD,SUV: Standard,5.3,8,A10,X,15.8,11.8,14.0,327,3,6,America
Chevrolet,Tahoe 4WD (No Stop-Start),SUV: Standard,5.3,8,A10,X,17.0,12.7,15.1,354,3,6,America
Chevrolet,Tahoe 4WD,SUV: Standard,6.2,8,A10,Z,16.3,12.7,14.7,345,3,6,America
Chevrolet,Tahoe 4WD (No Stop-Start),SUV: Standard,6.2,8,A10,Z,17.0,12.7,15.1,353,3,6,America
Chevrolet,Trailblazer,SUV: Small,1.2,3,AV,X,8.0,7.6,7.8,184,6,7,America
Chevrolet,Trailblazer,SUV: Small,1.3,3,AV,X,8.0,7.2,7.6,178,7,7,America
Chevrolet,Trailblazer AWD,SUV: Small,1.3,3,A9,X,8.9,7.8,8.4,197,6,7,America
Chevrolet,Traverse,SUV: Standard,3.6,6,A9,X,13.0,8.8,11.1,260,4,6,America
Chevrolet,Traverse AWD,SUV: Standard,3.6,6,A9,X,13.6,9.6,11.8,277,4,6,America
Chevrolet,Trax,SUV: Small,1.4,4,AS6,X,9.7,7.3,8.6,201,6,7,America
Chevrolet,Trax AWD,SUV: Small,1.4,4,AS6,X,10.2,7.7,9.1,214,5,7,America
Chrysler,300,Full-size,3.6,6,A8,X,12.4,7.8,10.3,242,5,5,America
Chrysler,300,Full-size,5.7,8,A8,X,14.7,9.4,12.3,289,4,3,America
Chrysler,300 AWD,Full-size,3.6,6,A8,X,12.8,8.7,11.0,258,4,5,America
Chrysler,Grand Caravan,Minivan,3.6,6,A9,X,12.4,8.4,10.6,249,5,5,America
Chrysler,Pacifica,Minivan,3.6,6,A9,X,12.4,8.4,10.6,249,5,5,America
Chrysler,Pacifica AWD,Minivan,3.6,6,A9,X,14.1,9.4,12.0,279,4,5,America
Dodge,Challenger,Mid-size,3.6,6,A8,X,12.4,7.8,10.3,242,5,5,America
Dodge,Challenger (MDS),Mid-size,5.7,8,A8,X,14.7,9.4,12.3,289,4,3,America
Dodge,Challenger,Mid-size,5.7,8,M6,Z,15.6,10.1,13.1,307,3,1,America
Dodge,Challenger (MDS),Mid-size,6.4,8,A8,Z,15.8,9.6,13.0,305,3,1,America
Dodge,Challenger,Mid-size,6.4,8,M6,Z,16.7,10.4,13.9,325,3,1,America
Dodge,Challenger AWD,Mid-size,3.6,6,A8,X,12.8,8.7,11.0,258,4,5,America
Dodge,Challenger Widebody (MDS),Mid-size,6.4,8,A8,Z,15.8,9.6,13.0,305,3,1,America
Dodge,Challenger Widebody,Mid-size,6.4,8,M6,Z,16.7,10.4,13.9,325,3,1,America
Dodge,Challenger SRT Hellcat,Mid-size,6.2,8,A8,Z,17.6,10.7,14.5,339,3,1,America
Dodge,Challenger SRT Hellcat,Mid-size,6.2,8,M6,Z,18.1,11.4,15.1,352,3,1,America
Dodge,Challenger SRT Hellcat Widebody,Mid-size,6.2,8,A8,Z,18.6,11.3,15.3,359,2,1,America
Dodge,Challenger SRT Hellcat Widebody,Mid-size,6.2,8,M6,Z,18.1,11.4,15.1,352,3,1,America
Dodge,Charger,Full-size,3.6,6,A8,X,12.4,7.8,10.3,242,5,5,America
Dodge,Charger (MDS),Full-size,5.7,8,A8,X,14.7,9.4,12.3,289,4,3,America
Dodge,Charger (MDS),Full-size,6.4,8,A8,Z,15.8,9.6,13.0,305,3,1,America
Dodge,Charger AWD,Full-size,3.6,6,A8,X,12.8,8.7,11.0,258,4,5,America
Dodge,Charger Widebody (MDS),Full-size,6.4,8,A8,Z,15.8,9.6,13.0,305,3,1,America
Dodge,Charger SRT Hellcat Widebody,Full-size,6.2,8,A8,Z,19.0,11.5,15.6,368,2,1,America
Dodge,Durango AWD,SUV: Standard,3.6,6,A8,X,12.7,9.6,11.3,265,4,7,America
Dodge,Durango AWD,SUV: Standard,5.7,8,A8,X,16.7,10.9,14.1,331,3,5,America
Dodge,Durango AWD SRT,SUV: Standard,6.4,8,A8,Z,18.3,12.2,15.6,363,2,1,America
FIAT,500X AWD,SUV: Small,1.3,4,A9,X,10.0,7.9,9.1,221,5,6,Europe
Ford,Bronco 4WD,SUV: Small,2.3,4,AS10,X,12.1,11.2,11.7,275,4,5,America
Ford,Bronco 4WD,SUV: Small,2.3,4,M7,X,12.1,11.4,11.8,277,4,5,America
Ford,Bronco 4WD,SUV: Small,2.7,6,AS10,X,12.8,11.9,12.4,291,4,6,America
Ford,Bronco Badlands 4WD,SUV: Small,2.3,4,AS10,X,13.5,14.0,13.7,323,3,5,America
Ford,Bronco Badlands 4WD,SUV: Small,2.3,4,M7,X,14.9,13.5,14.3,336,3,5,America
Ford,Bronco Badlands 4WD,SUV: Small,2.7,6,AS10,X,14.1,14.1,14.1,331,3,6,America
Ford,Bronco Black Diamond 4WD,SUV: Small,2.3,4,AS10,X,13.1,13.1,13.1,308,3,5,America
Ford,Bronco Black Diamond 4WD,SUV: Small,2.3,4,M7,X,13.8,12.4,13.2,310,3,5,America
Ford,Bronco Sasquatch 4WD,SUV: Small,2.3,4,AS10,X,13.1,13.8,13.4,314,3,5,America
Ford,Bronco Sasquatch 4WD,SUV: Small,2.3,4,M7,X,13.8,13.1,13.5,317,3,5,America
Ford,Bronco Sasquatch 4WD,SUV: Small,2.7,6,AS10,X,14.1,14.1,14.1,331,3,6,America
Ford,Bronco Sport 4WD,SUV: Small,1.5,3,A8,X,9.3,8.4,8.9,209,5,7,America
Ford,Bronco Sport 4WD,SUV: Small,2.0,4,AS8,X,11.1,9.0,10.2,240,5,5,America
Ford,EcoSport AWD,SUV: Small,2.0,4,AS6,X,10.4,8.0,9.3,219,5,5,America
Ford,Edge AWD,SUV: Small,2.0,4,A8,X,11.5,8.4,10.1,238,5,6,America
Ford,Edge AWD,SUV: Small,2.0,4,AS8,X,11.6,8.5,10.2,239,5,6,America
Ford,Edge AWD,SUV: Small,2.7,6,AS8,X,12.6,9.3,11.2,262,4,5,America
Ford,Escape,SUV: Small,1.5,3,A8,X,8.5,6.8,7.8,182,6,7,America
Ford,Escape AWD,SUV: Small,1.5,3,A8,X,9.0,7.6,8.4,198,6,7,America
Ford,Escape AWD,SUV: Small,2.0,4,A8,X,10.5,7.5,9.2,216,5,5,America
Ford,Escape Hybrid,SUV: Small,2.5,4,AV,X,5.4,6.3,5.8,136,8,7,America
Ford,Escape Hybrid AWD,SUV: Small,2.5,4,AV,X,5.5,6.4,5.9,139,8,7,America
Ford,Expedition 4X4,SUV: Standard,3.5,6,AS10,X,14.8,10.6,12.9,304,3,6,America
Ford,Expedition 4X4 (Without Stop-Start),SUV: Standard,3.5,6,AS10,X,15.4,11.2,13.5,317,3,6,America
Ford,Expedition Timberline 4X4,SUV: Standard,3.5,6,AS10,X,14.5,12.3,13.5,317,3,6,America
Ford,Expedition Timberline 4X4 (Without Stop-Start),SUV: Standard,3.5,6,AS10,X,15.2,12.3,13.9,326,3,6,America
Ford,Explorer AWD,SUV: Standard,2.3,4,A10,X,11.7,8.6,10.3,242,5,6,America
Ford,Explorer AWD (Without Stop-Start),SUV: Standard,2.3,4,A10,X,12.0,9.0,10.7,252,5,6,America
Ford,Explorer Timberline AWD,SUV: Standard,2.3,4,AS10,X,12.2,10.5,11.5,269,4,6,America
Ford,Explorer Timberline AWD (Without Stop-Start),SUV: Standard,2.3,4,AS10,X,12.5,11.0,11.8,277,4,6,America
Ford,Explorer AWD,SUV: Standard,3.0,6,A10,X,13.4,9.8,11.8,277,4,5,America
Ford,Explorer Hybrid AWD,SUV: Standard,3.3,6,AS10,X,10.1,9.0,9.6,225,5,6,America
Ford,F-150,Pickup truck: Standard,2.7,6,AS10,X,12.1,9.4,10.9,256,5,6,America
Ford,F-150 (Without Stop-Start),Pickup truck: Standard,2.7,6,AS10,X,13.5,10.1,12.0,282,4,6,America
Ford,F-150 FFV,Pickup truck: Standard,3.3,6,AS10,X,12.1,9.8,11.1,260,4,6,America
Ford,F-150 FFV,Pickup truck: Standard,3.3,6,AS10,E,16.8,12.8,15.0,249,5,6,America
Ford,F-150,Pickup truck: Standard,3.5,6,AS10,X,13.1,9.9,11.7,275,4,6,America
Ford,F-150 (Without Stop-Start),Pickup truck: Standard,3.5,6,AS10,X,13.7,10.0,12.0,281,4,6,America
Ford,F-150 FFV,Pickup truck: Standard,5.0,8,AS10,X,14.4,10.8,12.8,300,3,5,America
Ford,F-150 FFV,Pickup truck: Standard,5.0,8,AS10,E,20.8,14.3,17.9,298,4,5,America
Ford,F-150 FFV (Without Stop-Start),Pickup truck: Standard,5.0,8,AS10,X,14.7,10.6,12.9,302,3,5,America
Ford,F-150 FFV (Without Stop-Start),Pickup truck: Standard,5.0,8,AS10,E,20.1,14.1,17.4,289,4,5,America
Ford,F-150 4X4,Pickup truck: Standard,2.7,6,AS10,X,12.9,10.1,11.7,274,4,6,America
Ford,F-150 4X4 FFV,Pickup truck: Standard,3.3,6,AS10,X,12.6,10.7,11.8,277,4,6,America
Ford,F-150 4X4 FFV,Pickup truck: Standard,3.3,6,AS10,E,17.3,13.1,15.4,256,5,6,America
Ford,F-150 4X4,Pickup truck: Standard,3.5,6,AS10,X,13.5,10.3,12.1,284,4,6,America
Ford,F-150 4X4 (Without Stop-Start),Pickup truck: Standard,3.5,6,AS10,X,14.6,11.0,13.0,304,3,6,America
Ford,F-150 4X4 FFV,Pickup truck: Standard,5.0,8,AS10,X,14.7,10.8,12.9,304,3,5,America
Ford,F-150 4X4 FFV,Pickup truck: Standard,5.0,8,AS10,E,21.2,14.2,18.1,301,3,5,America
Ford,F-150 4X4 FFV (Without Stop-Start),Pickup truck: Standard,5.0,8,AS10,X,15.1,10.7,13.1,308,3,5,America
Ford,F-150 4X4 FFV (Without Stop-Start),Pickup truck: Standard,5.0,8,AS10,E,20.7,14.2,17.8,295,4,5,America
Ford,F-150 Raptor 4X4,Pickup truck: Standard,3.5,6,AS10,X,15.8,13.2,14.6,344,3,6,America
Ford,F-150 Raptor 4X4 (Without Stop-Start),Pickup truck: Standard,3.5,6,AS10,X,16.8,13.2,15.2,357,2,6,America
Ford,F-150 Raptor 37 4X4,Pickup truck: Standard,3.5,6,AS10,X,16.0,14.4,15.3,359,2,6,America
Ford,F-150 Raptor 37 4X4 (Without Stop-Start),Pickup truck: Standard,3.5,6,AS10,X,16.6,14.8,15.8,370,2,6,America
Ford,F-150 Tremor 4X4,Pickup truck: Standard,3.5,6,AS10,X,14.3,11.8,13.2,310,3,6,America
Ford,F-150 Tremor 4X4 (Without Stop-Start),Pickup truck: Standard,3.5,6,AS10,X,14.7,11.7,13.3,313,3,6,America
Ford,F-150 Hybrid,Pickup truck: Standard,3.5,6,AS10,X,9.8,9.7,9.7,228,5,6,America
Ford,F-150 Hybrid 4X4,Pickup truck: Standard,3.5,6,AS10,X,10.3,10.0,10.2,238,5,6,America
Ford,GT,Two-seater,3.5,6,AM7,Z,19.9,12.8,16.7,395,2,3,America
Ford,Maverick AWD,Pickup truck: Small,2.0,4,A8,X,10.7,8.1,9.6,226,5,5,America
Ford,Maverick Hybrid,Pickup truck: Small,2.5,4,AV,X,5.6,7.1,6.3,147,8,6,America
Ford,Mustang,Subcompact,2.3,4,A10,X,11.0,7.4,9.3,220,5,5,America
Ford,Mustang,Subcompact,2.3,4,AS10,X,11.4,7.9,9.8,231,5,5,America
Ford,Mustang (High Performance),Subcompact,2.3,4,AS10,X,11.7,8.6,10.3,242,5,5,America
Ford,Mustang,Subcompact,2.3,4,M6,X,11.5,8.2,10.0,236,5,5,America
Ford,Mustang (High Performance),Subcompact,2.3,4,M6,X,11.9,8.7,10.5,246,5,5,America
Ford,Mustang,Subcompact,5.0,8,AS10,X,15.2,9.7,12.7,298,4,3,America
Ford,Mustang,Subcompact,5.0,8,M6,X,16.1,10.1,13.4,314,3,3,America
Ford,Mustang Convertible,Subcompact,2.3,4,A10,X,11.7,8.1,10.1,237,5,5,America
Ford,Mustang Convertible,Subcompact,2.3,4,AS10,X,12.0,8.5,10.4,244,5,5,America
Ford,Mustang Convertible (High Performance),Subcompact,2.3,4,AS10,X,12.1,8.9,10.7,252,5,5,America
Ford,Mustang Convertible,Subcompact,2.3,4,M6,X,11.8,8.6,10.4,244,5,5,America
Ford,Mustang Convertible (High Performance),Subcompact,2.3,4,M6,X,12.3,9.2,10.9,256,5,5,America
Ford,Mustang Convertible,Subcompact,5.0,8,AS10,X,15.8,10.4,13.4,314,3,3,America
Ford,Mustang Mach 1,Subcompact,5.0,8,AS10,X,15.2,10.1,12.9,302,3,3,America
Ford,Mustang Mach 1,Subcompact,5.0,8,M6,X,17.1,11.2,14.5,339,3,3,America
Ford,Ranger 4WD,Pickup truck: Standard,2.3,4,AS10,X,11.9,9.7,10.9,256,5,6,America
Ford,Ranger 4WD (Without Stop-Start),Pickup truck: Standard,2.3,4,AS10,X,12.4,9.7,11.2,262,4,6,America
Ford,Ranger 4WD Tremor,Pickup truck: Standard,2.3,4,AS10,X,12.4,12.3,12.4,291,4,3,America
Ford,Shelby GT500 Mustang,Subcompact,5.2,8,AM7,Z,19.9,12.7,16.7,392,2,3,America
Ford,Transit Connect Van,Special purpose vehicle,2.0,4,AS8,X,9.8,8.9,9.4,221,5,6,America
Ford,Transit Connect Van FFV,Special purpose vehicle,2.0,4,AS8,X,9.8,8.9,9.4,221,5,5,America
Ford,Transit Connect Van FFV,Special purpose vehicle,2.0,4,AS8,E,13.3,11.9,12.7,211,5,5,America
Ford,Transit Connect Van,Special purpose vehicle,2.5,4,AS6,X,12.0,8.9,10.6,249,5,5,America
Ford,Transit Connect Wagon LWB,Special purpose vehicle,2.0,4,AS8,X,10.0,8.3,9.2,216,5,6,America
Ford,Transit Connect Wagon LWB FFV,Special purpose vehicle,2.0,4,AS8,X,10.0,8.3,9.2,216,5,5,America
Ford,Transit Connect Wagon LWB FFV,Special purpose vehicle,2.0,4,AS8,E,14.7,11.3,13.2,219,5,5,America
Ford,Transit Connect Wagon LWB,Special purpose vehicle,2.5,4,AS6,X,12.1,9.0,10.6,249,5,5,America
Genesis,G70 AWD,Compact,3.3,6,AS8,Z,13.5,9.1,11.5,273,4,3,Asia
Genesis,G80 AWD,Full-size,2.5,4,AS8,Z,10.8,7.9,9.5,225,5,5,Asia
Genesis,G80 AWD,Full-size,3.5,6,AS8,Z,14.8,9.9,12.6,298,4,5,Asia
Genesis,G90 AWD,Full-size,5.0,8,AS8,Z,15.0,10.1,12.8,303,3,5,Asia
Genesis,GV70 AWD,SUV: Small,2.5,4,AS8,Z,10.7,8.4,9.7,229,5,5,Asia
Genesis,GV70 AWD,SUV: Small,3.5,6,AS8,Z,12.9,10.0,11.6,275,4,5,Asia
Genesis,GV80 AWD,SUV: Standard,2.5,4,AS8,Z,11.3,9.5,10.5,248,5,5,Asia
Genesis,GV80 AWD,SUV: Standard,3.5,6,AS8,Z,12.9,10.4,11.8,279,4,5,Asia
GMC,Acadia,SUV: Standard,2.0,4,A9,X,10.6,8.0,9.4,221,5,7,America
GMC,Acadia,SUV: Standard,3.6,6,A9,X,12.3,8.8,10.7,252,5,6,America
GMC,Acadia AWD,SUV: Standard,2.0,4,A9,X,10.8,8.7,9.9,232,5,7,America
GMC,Acadia AWD,SUV: Standard,3.6,6,A9,X,12.6,9.2,11.0,259,4,6,America
GMC,Canyon,Pickup truck: Small,2.5,4,A6,X,12.2,9.4,10.9,257,5,6,America
GMC,Canyon,Pickup truck: Small,2.8,4,A6,D,11.8,7.9,10.1,270,4,3,America
GMC,Canyon,Pickup truck: Small,3.6,6,A8,X,12.9,9.3,11.3,263,4,6,America
GMC,Canyon 4WD,Pickup truck: Small,2.5,4,A6,X,12.6,9.9,11.4,267,4,6,America
GMC,Canyon 4WD,Pickup truck: Small,2.8,4,A6,D,12.2,8.4,10.5,283,4,3,America
GMC,Canyon 4WD,Pickup truck: Small,3.6,6,A8,X,14.0,9.9,12.1,283,4,6,America
GMC,Sierra,Pickup truck: Standard,2.7,4,A8,X,12.5,10.6,11.6,274,4,6,America
GMC,Sierra,Pickup truck: Standard,3.0,6,A10,D,10.2,7.8,9.1,245,5,3,America
GMC,Sierra FFV,Pickup truck: Standard,5.3,8,A6,X,16.2,12.3,14.5,341,3,3,America
GMC,Sierra FFV,Pickup truck: Standard,5.3,8,A6,E,21.5,16.0,19.1,321,3,3,America
GMC,Sierra,Pickup truck: Standard,5.3,8,A8,X,15.1,11.3,13.4,314,3,6,America
GMC,Sierra,Pickup truck: Standard,5.3,8,A10,X,14.4,11.3,13.0,305,3,6,America
GMC,Sierra 4WD,Pickup truck: Standard,2.7,4,A8,X,13.9,12.0,13.1,306,3,6,America
GMC,Sierra 4WD Mud Terrain Tire,Pickup truck: Standard,2.7,4,A8,X,14.7,13.1,14.0,328,3,6,America
GMC,Sierra 4WD,Pickup truck: Standard,3.0,6,A10,D,10.5,9.1,9.9,265,4,3,America
GMC,Sierra 4WD Mud Terrain Tire,Pickup truck: Standard,3.0,6,A10,D,11.8,10.3,11.2,298,4,3,America
GMC,Sierra 4WD FFV,Pickup truck: Standard,5.3,8,A6,X,16.5,12.8,14.8,347,3,3,America
GMC,Sierra 4WD FFV,Pickup truck: Standard,5.3,8,A6,E,22.0,16.4,19.5,326,3,3,America
GMC,Sierra 4WD Mud Terrain Tire FFV,Pickup truck: Standard,5.3,8,A6,X,17.4,14.7,16.2,380,2,3,America
GMC,Sierra 4WD Mud Terrain Tire FFV,Pickup truck: Standard,5.3,8,A6,E,23.1,19.6,21.5,358,2,3,America
GMC,Sierra 4WD,Pickup truck: Standard,5.3,8,A8,X,15.6,11.9,13.9,327,3,6,America
GMC,Sierra 4WD Mud Terrain Tire,Pickup truck: Standard,5.3,8,A8,X,16.9,13.3,15.3,359,2,6,America
GMC,Sierra 4WD,Pickup truck: Standard,5.3,8,A10,X,14.9,12.0,13.6,318,3,6,America
GMC,Sierra 4WD (No DFM),Pickup truck: Standard,5.3,8,A10,X,16.8,12.4,14.8,347,3,6,America
GMC,Sierra 4WD (With Sport Mode),Pickup truck: Standard,5.3,8,A10,X,15.4,12.3,14.0,329,3,6,America
GMC,Sierra 4WD (No Stop-Start),Pickup truck: Standard,5.3,8,A10,X,16.1,12.4,14.4,338,3,6,America
GMC,Sierra 4WD Mud Terrain Tire,Pickup truck: Standard,5.3,8,A10,X,16.6,14.0,15.4,360,2,6,America
GMC,Sierra 4WD Mud Terrain Tire (No DFM),Pickup truck: Standard,5.3,8,A10,X,18.1,13.8,16.2,381,2,6,America
GMC,Sierra 4WD,Pickup truck: Standard,6.2,8,A10,Z,15.7,11.9,14.0,329,3,6,America
GMC,Sierra 4WD (No Stop-Start),Pickup truck: Standard,6.2,8,A10,Z,16.6,12.3,14.7,345,3,6,America
GMC,Sierra 4WD Mud Terrain Tire,Pickup truck: Standard,6.2,8,A10,Z,16.5,13.2,15.0,352,3,6,America
GMC,Sierra 4WD Mud Terrain Tire (No Stop-Start),Pickup truck: Standard,6.2,8,A10,Z,18.2,14.2,16.4,385,2,6,America
GMC,Terrain,SUV: Small,1.5,4,A9,X,9.2,7.8,8.6,202,6,7,America
GMC,Terrain AWD,SUV: Small,1.5,4,A9,X,9.6,8.3,9.0,212,5,7,America
GMC,Yukon,SUV: Standard,3.0,6,A10,D,11.2,8.7,10.1,272,4,3,America
GMC,Yukon,SUV: Standard,5.3,8,A10,X,15.8,11.8,14.0,327,3,6,America
GMC,Yukon (No Stop-Start),SUV: Standard,5.3,8,A10,X,16.0,11.9,14.1,332,3,6,America
GMC,Yukon 4WD,SUV: Standard,3.0,6,A10,D,11.7,9.0,10.5,281,4,3,America
GMC,Yukon 4WD,SUV: Standard,5.3,8,A10,X,15.8,11.8,14.0,327,3,6,America
GMC,Yukon 4WD (No Stop-Start),SUV: Standard,5.3,8,A10,X,17.0,12.7,15.1,354,3,6,America
GMC,Yukon 4WD,SUV: Standard,6.2,8,A10,Z,16.3,12.7,14.7,345,3,6,America
GMC,Yukon 4WD (No Stop-Start),SUV: Standard,6.2,8,A10,Z,17.0,12.7,15.1,353,3,6,America
GMC,Yukon XL,SUV: Standard,3.0,6,A10,D,11.2,8.7,10.1,272,4,3,America
GMC,Yukon XL,SUV: Standard,5.3,8,A10,X,15.8,11.8,14.0,327,3,6,America
GMC,Yukon XL (No Stop-Start),SUV: Standard,5.3,8,A10,X,16.0,11.9,14.1,332,3,6,America
GMC,Yukon XL 4WD,SUV: Standard,3.0,6,A10,D,11.7,9.0,10.5,281,4,3,America
GMC,Yukon XL 4WD,SUV: Standard,5.3,8,A10,X,15.9,12.4,14.3,336,3,6,America
GMC,Yukon XL 4WD (No Stop-Start),SUV: Standard,5.3,8,A10,X,17.0,12.7,15.1,354,3,6,America
GMC,Yukon XL 4WD,SUV: Standard,6.2,8,A10,Z,16.3,12.7,14.7,345,3,6,America
GMC,Yukon XL 4WD (No Stop-Start),SUV: Standard,6.2,8,A10,Z,17.0,12.7,15.1,353,3,6,America
Honda,Accord,Full-size,1.5,4,AV,X,7.8,6.5,7.2,168,7,7,Asia
Honda,Accord Sport/Touring,Full-size,1.5,4,AV7,X,8.1,6.8,7.5,176,7,7,Asia
Honda,Accord Sport/Touring,Full-size,2.0,4,AS10,X,10.4,7.4,9.1,211,5,7,Asia
Honda,Accord Hybrid,Full-size,2.0,4,AV,X,5.0,5.0,5.0,117,9,7,Asia
Honda,Accord Hybrid Sport/Touring,Full-size,2.0,4,AV,X,5.3,5.7,5.5,129,8,7,Asia
Honda,Civic Hatchback,Full-size,1.5,4,AV7,X,7.7,6.3,7.1,166,7,7,Asia
Honda,Civic Hatchback,Full-size,1.5,4,M6,X,8.5,6.3,7.5,175,7,6,Asia
Honda,Civic Hatchback,Full-size,2.0,4,AV,X,8.0,6.2,7.2,167,7,7,Asia
Honda,Civic Hatchback,Full-size,2.0,4,M6,X,9.1,6.6,8.0,186,6,6,Asia
Honda,Civic Sedan,Mid-size,1.5,4,AV7,X,7.6,6.1,6.9,162,7,7,Asia
Honda,Civic Sedan,Mid-size,2.0,4,AV,X,7.7,6.0,6.9,162,7,7,Asia
Honda,Civic Sedan,Mid-size,2.0,4,AV7,X,7.8,6.3,7.1,165,7,7,Asia
Honda,Civic Sedan Si,Mid-size,1.5,4,M6,Z,8.7,6.4,7.7,180,7,6,Asia
Honda,CR-V,SUV: Small,1.5,4,AV,X,8.3,7.0,7.7,180,7,6,Asia
Honda,CR-V AWD,SUV: Small,1.5,4,AV,X,8.7,7.4,8.1,189,6,6,Asia
Honda,HR-V,Station wagon: Small,1.8,4,AV,X,8.4,7.0,7.8,181,6,5,Asia
Honda,HR-V AWD,Station wagon: Small,1.8,4,AV,X,8.8,7.5,8.2,193,6,5,Asia
Honda,HR-V AWD,Station wagon: Small,1.8,4,AV7,X,9.1,7.7,8.5,200,6,5,Asia
Honda,Odyssey,Minivan,3.5,6,AS10,X,12.2,8.5,10.6,248,5,5,Asia
Honda,Passport AWD,SUV: Small,3.5,6,AS9,X,12.5,9.8,11.3,265,4,3,Asia
Honda,Pilot AWD,SUV: Small,3.5,6,AS9,X,12.4,9.3,11.0,256,5,3,Asia
Honda,Pilot AWD TrailSport,SUV: Small,3.5,6,AS9,X,12.3,9.5,11.1,260,4,3,Asia
Honda,Ridgeline AWD,Pickup truck: Standard,3.5,6,AS9,X,12.8,9.9,11.5,271,4,3,Asia
Hyundai,Elantra,Mid-size,1.6,4,AM7,X,8.4,6.6,7.6,179,7,5,Asia
Hyundai,Elantra,Mid-size,2.0,4,AV1,X,7.6,5.7,6.7,158,7,5,Asia
Hyundai,Elantra (ISG),Mid-size,2.0,4,AV1,X,7.1,5.5,6.4,151,7,5,Asia
Hyundai,Elantra,Mid-size,2.0,4,M6,X,9.1,6.3,7.8,185,6,5,Asia
Hyundai,Elantra N,Mid-size,2.0,4,AM8,Z,12.1,7.9,10.2,241,5,3,Asia
Hyundai,Elantra N,Mid-size,2.0,4,M6,Z,10.9,7.7,9.4,223,5,3,Asia
Hyundai,Elantra Hybrid Blue,Mid-size,1.6,4,AM6,X,4.5,4.2,4.4,103,9,7,Asia
Hyundai,IONIQ,Full-size,1.6,4,AM6,X,4.3,4.1,4.2,99,9,7,Asia
Hyundai,IONIQ Blue,Full-size,1.6,4,AM6,X,4.0,3.9,4.0,94,10,7,Asia
Hyundai,Kona,SUV: Small,2.0,4,AV,X,8.0,6.6,7.4,174,7,7,Asia
Hyundai,Kona N,SUV: Small,2.0,4,AM8,Z,11.8,8.7,10.4,246,5,3,Asia
Hyundai,Kona AWD,SUV: Small,1.6,4,AM7,X,8.8,7.4,8.2,193,6,5,Asia
Hyundai,Kona AWD,SUV: Small,2.0,4,AV,X,8.5,7.2,7.9,187,6,7,Asia
Hyundai,Palisade AWD,SUV: Standard,3.8,6,AS8,X,12.3,9.6,11.1,265,4,5,Asia
Hyundai,Santa Cruz AWD,Pickup truck: Small,2.5,4,AM8,X,12.1,8.6,10.6,250,5,5,Asia
Hyundai,Santa Fe AWD,SUV: Small,2.5,4,AM8,X,11.0,8.5,9.9,233,5,5,Asia
Hyundai,Santa Fe AWD,SUV: Small,2.5,4,AS8,X,10.6,9.3,10.0,235,5,7,Asia
Hyundai,Santa Fe Hybrid,SUV: Small,1.6,4,AM6,X,7.1,7.9,7.4,176,7,7,Asia
Hyundai,Sonata,Full-size,1.6,4,AS8,X,8.8,6.4,7.7,183,6,5,Asia
Hyundai,Sonata,Full-size,2.5,4,AM8,X,10.1,7.2,8.8,208,6,5,Asia
Hyundai,Sonata,Full-size,2.5,4,AS8,X,8.8,6.4,7.7,182,6,7,Asia
Hyundai,Sonata Hybrid,Full-size,2.0,4,AM6,X,5.3,4.6,5.0,117,9,7,Asia
Hyundai,Tucson,SUV: Small,2.5,4,AS8,X,9.1,7.1,8.2,194,6,5,Asia
Hyundai,Tucson AWD,SUV: Small,2.5,4,AS8,X,9.9,8.0,9.0,214,5,5,Asia
Hyundai,Tucson Hybrid,SUV: Small,1.6,4,AM6,X,6.3,6.6,6.4,152,7,7,Asia
Hyundai,Veloster N,Compact,2.0,4,AM8,Z,12.0,8.6,10.5,248,5,3,Asia
Hyundai,Veloster N,Compact,2.0,4,M6,Z,10.6,8.3,9.5,226,5,3,Asia
Hyundai,Venue,Mid-size,1.6,4,AV1,X,7.9,6.9,7.5,176,7,5,Asia
Hyundai,Venue,Mid-size,1.6,4,M6,X,8.6,6.8,7.8,184,6,5,Asia
Infiniti,Q50 AWD,Mid-size,3.0,6,AS7,Z,12.5,8.7,10.8,254,5,3,Asia
Infiniti,Q50 AWD Red Sport,Mid-size,3.0,6,AS7,Z,12.5,9.3,11.1,261,4,3,Asia
Infiniti,Q60 AWD,Subcompact,3.0,6,AS7,Z,12.3,8.7,10.7,252,5,3,Asia
Infiniti,Q60 AWD Red Sport,Subcompact,3.0,6,AS7,Z,12.5,9.2,11.0,259,4,3,Asia
Infiniti,QX50 AWD,SUV: Small,2.0,4,AV8,Z,10.8,8.3,9.7,228,5,6,Asia
Infiniti,QX55 AWD,SUV: Small,2.0,4,AV8,Z,10.5,8.3,9.5,223,5,6,Asia
Infiniti,QX60 AWD,SUV: Standard,3.5,6,AS9,Z,11.9,9.5,10.8,253,5,5,Asia
Infiniti,QX80 4WD,SUV: Standard,5.6,8,AS7,Z,17.5,12.2,15.1,355,3,3,Asia
Jaguar,E-PACE P250,SUV: Small,2.0,4,AS9,Z,11.5,9.2,10.4,247,5,7,Europe
Jaguar,E-PACE P300,SUV: Small,2.0,4,AS9,Z,11.2,9.2,10.3,245,5,7,Europe
Jaguar,F-TYPE P450 Convertible,Two-seater,5.0,8,AS8,Z,14.1,9.7,12.1,286,4,3,Europe
Jaguar,F-TYPE P450 Convertible AWD,Two-seater,5.0,8,AS8,Z,15.2,9.8,12.7,299,3,3,Europe
Jaguar,F-TYPE P450 Coupe,Two-seater,5.0,8,AS8,Z,14.1,9.7,12.1,286,4,3,Europe
Jaguar,F-TYPE P450 Coupe AWD,Two-seater,5.0,8,AS8,Z,15.2,9.8,12.7,299,3,3,Europe
Jaguar,F-TYPE R Convertible AWD,Two-seater,5.0,8,AS8,Z,15.2,9.8,12.7,299,3,3,Europe
Jaguar,F-TYPE R Coupe AWD,Two-seater,5.0,8,AS8,Z,15.2,9.8,12.7,299,3,3,Europe
Jeep,Cherokee,SUV: Small,2.0,4,A9,X,10.4,7.6,9.1,214,5,5,America
Jeep,Cherokee,SUV: Small,2.4,4,A9,X,10.8,7.5,9.3,219,5,6,America
Jeep,Cherokee,SUV: Small,3.2,6,A9,X,11.9,8.2,10.2,240,5,5,America
Jeep,Cherokee 4X4 Active Drive I,SUV: Small,2.0,4,A9,X,11.2,8.0,9.8,229,5,5,America
Jeep,Cherokee 4X4 Active Drive I,SUV: Small,2.4,4,A9,X,11.2,8.0,9.8,230,5,6,America
Jeep,Cherokee 4X4 Active Drive I,SUV: Small,3.2,6,A9,X,12.2,8.6,10.6,249,5,5,America
Jeep,Cherokee 4X4 Active Drive Lock,SUV: Small,3.2,6,A9,X,12.9,9.7,11.5,268,4,5,America
Jeep,Compass,SUV: Small,2.4,4,A6,X,10.6,7.6,9.3,218,5,6,America
Jeep,Compass 4X4,SUV: Small,2.4,4,A9,X,10.8,7.8,9.5,222,5,6,America
Jeep,Gladiator 4X4 EcoDiesel,Pickup truck: Standard,3.0,6,A8,D,10.8,8.5,9.8,263,4,1,America
Jeep,Gladiator 4X4 Rubicon EcoDiesel,Pickup truck: Standard,3.0,6,A8,D,11.0,8.7,10.0,271,4,1,America
Jeep,Gladiator 4X4,Pickup truck: Standard,3.6,6,A8,X,13.7,10.7,12.3,290,4,7,America
Jeep,Gladiator 4X4,Pickup truck: Standard,3.6,6,M6,X,14.3,10.4,12.6,296,4,5,America
Jeep,Grand Cherokee 4X4,SUV: Standard,3.6,6,A8,X,12.3,9.2,10.9,256,5,7,America
Jeep,Grand Cherokee 4X4,SUV: Standard,5.7,8,A8,X,16.7,10.9,14.1,331,3,5,America
Jeep,Grand Cherokee L 4X4,SUV: Standard,3.6,6,A8,X,13.0,9.4,11.3,266,4,7,America
Jeep,Grand Cherokee L 4X4,SUV: Standard,5.7,8,A8,X,16.7,10.9,14.1,331,3,5,America
Jeep,Grand Cherokee WK 4X4,SUV: Standard,3.6,6,A8,X,12.7,9.6,11.3,265,4,7,America
Jeep,Grand Wagoneer 4X4,SUV: Standard,6.4,8,A8,Z,18.6,12.8,16.0,374,2,1,America
Jeep,Renegade,SUV: Small,1.3,4,A9,X,9.8,7.4,8.7,204,6,6,America
Jeep,Renegade 4X4,SUV: Small,1.3,4,A9,X,10.1,8.1,9.2,222,5,6,America
Jeep,Renegade 4X4 Trailhawk,SUV: Small,1.3,4,A9,X,10.8,8.7,9.9,231,5,6,America
Jeep,Wagoneer 4X4,SUV: Standard,5.7,8,A8,X,15.6,11.7,13.8,323,3,5,America
Jeep,Wrangler JL 4X4,SUV: Small,2.0,4,A8,X,10.7,9.8,10.3,241,5,5,America
Jeep,Wrangler JL 4X4,SUV: Small,3.6,6,A8,X,12.8,10.4,11.8,274,4,7,America
Jeep,Wrangler JL 4X4 eTorque,SUV: Small,3.6,6,A8,X,12.0,9.8,11.0,258,4,5,America
Jeep,Wrangler JL 4X4,SUV: Small,3.6,6,M6,X,13.7,9.6,11.8,277,4,5,America
Jeep,Wrangler JL Unlimited 4X4,SUV: Small,2.0,4,A8,X,11.5,9.9,10.8,251,5,5,America
Jeep,Wrangler JL Unlimited 4X4 EcoDiesel,SUV: Small,3.0,6,A8,D,10.6,8.1,9.5,255,5,1,America
Jeep,Wrangler JL Unlimited 4X4 Rubicon EcoDiesel,SUV: Small,3.0,6,A8,D,11.2,9.0,10.2,275,4,1,America
Jeep,Wrangler JL Unlimited 4X4,SUV: Small,3.6,6,A8,X,12.9,10.2,11.7,275,4,7,America
Jeep,Wrangler JL Unlimited 4X4 eTorque,SUV: Small,3.6,6,A8,X,12.3,9.9,11.2,262,4,5,America
Jeep,Wrangler JL Unlimited 4X4,SUV: Small,3.6,6,M6,X,13.8,10.1,12.2,285,4,5,America
Jeep,Wrangler JL Unlimited 4X4,SUV: Small,6.4,8,A8,Z,18.5,14.1,16.5,387,2,1,America
Kia,Carnival,Minivan,3.5,6,AS8,X,12.0,8.9,10.6,252,5,5,Asia
Kia,Forte,Mid-size,1.6,4,AM7,X,8.7,6.6,7.8,184,6,5,Asia
Kia,Forte,Mid-size,2.0,4,AV,X,7.9,5.9,7.0,165,7,5,Asia
Kia,Forte,Mid-size,2.0,4,M6,X,8.8,6.1,7.6,178,7,5,Asia
Kia,Forte 5,Full-size,1.6,4,AM7,X,8.9,6.9,8.0,190,6,5,Asia
Kia,Forte 5,Full-size,2.0,4,AV,X,8.0,6.0,7.1,169,7,5,Asia
Kia,K5,Full-size,2.5,4,AM8,X,9.9,7.3,8.7,207,6,5,Asia
Kia,K5 AWD,Full-size,1.6,4,AS8,X,9.2,7.0,8.2,195,6,5,Asia
Kia,Niro,Station wagon: Small,1.6,4,AM6,X,4.4,4.9,4.6,110,9,7,Asia
Kia,Niro FE,Station wagon: Small,1.6,4,AM6,X,4.4,4.9,4.6,110,9,7,Asia
Kia,Niro Touring,Station wagon: Small,1.6,4,AM6,X,5.0,5.6,5.3,124,9,7,Asia
Kia,Rio,Compact,1.6,4,AV1,X,7.2,6.0,6.7,159,7,3,Asia
Kia,Rio,Compact,1.6,4,M6,X,7.7,6.1,7.0,166,7,3,Asia
Kia,Seltos,SUV: Small,2.0,4,AV8,X,8.2,7.1,7.7,182,6,5,Asia
Kia,Seltos AWD,SUV: Small,1.6,4,AM7,X,9.4,7.9,8.7,205,6,5,Asia
Kia,Seltos AWD,SUV: Small,2.0,4,AV8,X,8.8,7.6,8.2,195,6,5,Asia
Kia,Sorento AWD,SUV: Small,2.5,4,AM8,X,10.9,8.7,9.9,234,5,5,Asia
Kia,Sorento AWD,SUV: Small,2.5,4,AS8,X,10.1,9.2,9.7,227,5,5,Asia
Kia,Sorento Hybrid AWD,SUV: Small,1.6,4,AM6,X,6.4,7.0,6.6,157,7,7,Asia
Kia,Soul,Station wagon: Small,2.0,4,AV,X,8.5,7.0,7.9,187,6,7,Asia
Kia,Sportage,SUV: Small,2.4,4,AS6,X,10.1,7.6,9.0,214,5,5,Asia
Kia,Sportage AWD,SUV: Small,2.0,4,AS6,X,12.1,9.6,11.0,261,4,5,Asia
Kia,Sportage AWD,SUV: Small,2.4,4,AS6,X,10.8,9.1,10.0,238,5,5,Asia
Kia,Stinger AWD,Mid-size,3.3,6,AS8,Z,13.7,9.6,11.9,280,4,3,Asia
Kia,Telluride AWD,SUV: Small,3.8,6,AS8,X,12.7,9.7,11.3,266,4,5,Asia
Lamborghini,Aventador Countach,Two-seater,6.5,12,AM7,Z,26.5,14.6,21.2,489,1,1,Europe
Lamborghini,Aventador Coupe,Two-seater,6.5,12,AM7,Z,26.8,15.1,21.5,498,1,1,Europe
Lamborghini,Aventador Roadster,Two-seater,6.5,12,AM7,Z,26.8,15.1,21.5,498,1,1,Europe
Lamborghini,Huracan evo Coupe,Two-seater,5.2,10,AM7,Z,18.0,12.9,15.7,371,2,1,Europe
Lamborghini,Huracan evo Coupe AWD,Two-seater,5.2,10,AM7,Z,18.0,12.9,15.7,370,2,1,Europe
Lamborghini,Huracan evo Spyder,Two-seater,5.2,10,AM7,Z,18.0,12.9,15.7,371,2,1,Europe
Lamborghini,Huracan evo Spyder AWD,Two-seater,5.2,10,AM7,Z,18.0,12.9,15.7,370,2,1,Europe
Lamborghini,Urus,SUV: Standard,4.0,8,AS8,Z,19.2,14.1,16.9,384,2,3,Europe
Land Rover,Defender 90 P300,SUV: Standard,2.0,4,AS8,Z,13.2,11.3,12.3,289,4,7,Europe
Land Rover,Defender 90 P400,SUV: Standard,3.0,6,AS8,Z,13.5,10.8,12.3,287,4,7,Europe
Land Rover,Defender 90 5.0L V8,SUV: Standard,5.0,8,AS8,Z,15.8,12.4,14.3,339,3,3,Europe
Land Rover,Defender 110 P300,SUV: Standard,2.0,4,AS8,Z,14.2,11.7,13.0,306,3,7,Europe
Land Rover,Defender 110 P400,SUV: Standard,3.0,6,AS8,Z,13.5,10.8,12.3,287,4,7,Europe
Land Rover,Defender 110 5.0L V8,SUV: Standard,5.0,8,AS8,Z,16.4,12.7,14.7,350,3,3,Europe
Land Rover,Discovery P300,SUV: Standard,2.0,4,AS8,Z,12.2,10.6,11.5,271,4,7,Europe
Land Rover,Discovery P360,SUV: Standard,3.0,6,AS8,Z,12.8,9.8,11.4,270,4,7,Europe
Land Rover,Range Rover P360,SUV: Standard,3.0,6,AS8,Z,13.3,10.2,11.9,279,4,7,Europe
Land Rover,Range Rover P400,SUV: Standard,3.0,6,AS8,Z,13.3,10.2,11.9,279,4,7,Europe
Land Rover,Range Rover P525,SUV: Standard,5.0,8,AS8,Z,14.4,11.3,13.0,305,3,3,Europe
Land Rover,Range Rover P525 LWB,SUV: Standard,5.0,8,AS8,Z,14.4,11.3,13.0,305,3,3,Europe
Land Rover,Range Rover SVAutobiography,SUV: Standard,5.0,8,AS8,Z,17.1,12.6,15.1,354,3,3,Europe
Land Rover,Range Rover SVAutobiography LWB,SUV: Standard,5.0,8,AS8,Z,17.9,12.7,15.5,365,2,3,Europe
Land Rover,Range Rover Sport P360,SUV: Standard,3.0,6,AS8,Z,12.7,9.9,11.4,269,4,7,Europe
Land Rover,Range Rover Sport HST P400,SUV: Standard,3.0,6,AS8,Z,12.7,9.9,11.4,269,4,7,Europe
Land Rover,Range Rover Sport P525,SUV: Standard,5.0,8,AS8,Z,14.1,10.7,12.6,294,4,3,Europe
Land Rover,Range Rover Sport P575 SVR,SUV: Standard,5.0,8,AS8,Z,16.2,12.0,14.3,336,3,3,Europe
Lexus,ES 250 AWD,Mid-size,2.5,4,AS8,X,9.5,7.0,8.4,195,6,6,Asia
Lexus,ES 300h,Mid-size,2.5,4,AV6,X,5.5,5.2,5.3,124,9,7,Asia
Lexus,ES 350,Mid-size,3.5,6,AS8,X,10.7,7.3,9.2,214,5,5,Asia
Lexus,ES 350 F SPORT,Mid-size,3.5,6,AS8,X,10.9,7.5,9.4,219,5,5,Asia
Lexus,GX 460,SUV: Standard,4.6,8,AS6,Z,16.2,12.3,14.5,337,3,3,Asia
Lexus,IS 300,Compact,2.0,4,AS6,Z,11.0,7.6,9.5,221,5,5,Asia
Lexus,IS 300 AWD,Compact,3.5,6,AS6,Z,12.2,9.0,10.8,253,5,5,Asia
Lexus,IS 350 AWD,Compact,3.5,6,AS6,Z,12.2,9.0,10.8,253,5,5,Asia
Lexus,IS 500,Compact,5.0,8,AS8,Z,14.1,9.3,11.9,280,4,5,Asia
Lexus,LC 500,Subcompact,5.0,8,AS10,Z,15.1,9.6,12.6,294,4,5,Asia
Lexus,LC 500 Convertible,Minicompact,5.0,8,AS10,Z,16.0,9.5,13.0,304,3,5,Asia
Lexus,LC 500h,Subcompact,3.5,6,AV10,Z,9.0,7.1,8.1,189,6,7,Asia
Lexus,LS 500 AWD,Mid-size,3.4,6,AS10,Z,13.8,8.7,11.2,270,4,5,Asia
Lexus,LS 500h AWD,Mid-size,3.5,6,AV10,Z,10.1,8.1,9.2,216,5,7,Asia
Lexus,LX 600,SUV: Standard,3.4,6,AS10,Z,14.2,10.8,12.7,298,4,5,Asia
Lexus,NX 250 AWD,SUV: Small,2.5,4,AS8,X,9.4,7.4,8.4,198,6,6,Asia
Lexus,NX 350 AWD,SUV: Small,2.4,4,AS8,Z,10.5,8.3,9.5,221,5,7,Asia
Lexus,NX 350 AWD F SPORT,SUV: Small,2.4,4,AS8,Z,10.5,8.4,9.5,222,5,7,Asia
Lexus,NX 350h AWD,SUV: Small,2.5,4,AV6,Z,5.7,6.4,6.0,140,8,7,Asia
Lexus,RC 300 AWD,Subcompact,3.5,6,AS6,Z,12.2,9.0,10.8,253,5,5,Asia
Lexus,RC 350 AWD,Subcompact,3.5,6,AS6,Z,12.2,9.0,10.8,253,5,5,Asia
Lexus,RC F,Subcompact,5.0,8,AS8,Z,14.4,9.6,12.2,285,4,5,Asia
Lexus,RX 350 AWD,SUV: Small,3.5,6,AS8,X,12.2,9.0,10.8,252,5,5,Asia
Lexus,RX 350 L AWD,SUV: Small,3.5,6,AS8,X,13.1,9.4,11.1,268,4,5,Asia
Lexus,RX 450h AWD,SUV: Standard,3.5,6,AV6,Z,7.5,8.4,7.9,185,6,7,Asia
Lexus,RX 450h L AWD,SUV: Standard,3.5,6,AV6,Z,8.1,8.4,8.1,190,6,7,Asia
Lexus,UX 200,Mid-size,2.0,4,AS10,X,8.0,6.3,7.2,168,7,6,Asia
Lexus,UX 250h AWD,Compact,2.0,4,AV6,X,5.7,6.2,6.0,140,8,7,Asia
Lincoln,Aviator AWD,SUV: Standard,3.0,6,AS10,X,13.7,9.7,11.9,280,4,5,America
Lincoln,Corsair AWD,SUV: Small,2.0,4,AS8,X,11.1,8.1,9.8,229,5,5,America
Lincoln,Corsair AWD,SUV: Small,2.3,4,AS8,X,11.2,8.3,9.9,232,5,5,America
Lincoln,Nautilus AWD,SUV: Small,2.0,4,A8,X,11.8,9.4,10.7,252,5,6,America
Lincoln,Nautilus AWD,SUV: Small,2.0,4,AS8,X,11.8,9.4,10.7,251,5,6,America
Lincoln,Nautilus AWD,SUV: Small,2.7,6,AS8,X,12.6,9.3,11.2,262,4,5,America
Lincoln,Navigator 4X4,SUV: Standard,3.5,6,AS10,X,15.2,10.8,13.2,311,3,6,America
Maserati,Ghibli GT,Mid-size,3.0,6,A8,Z,13.4,9.4,11.6,271,4,3,Europe
Maserati,Ghibli Modena,Mid-size,3.0,6,A8,Z,13.4,9.4,11.6,271,4,3,Europe
Maserati,Ghibli Modena AWD,Mid-size,3.0,6,A8,Z,14.8,9.8,12.6,293,4,3,Europe
Maserati,Ghibli Trofeo,Mid-size,3.8,8,A8,Z,17.4,11.9,14.9,348,3,1,Europe
Maserati,Levante GT,SUV: Standard,3.0,6,A8,Z,15.1,10.9,13.2,308,3,3,Europe
Maserati,Levante Modena,SUV: Standard,3.0,6,A8,Z,15.1,10.9,13.2,308,3,3,Europe
Maserati,Levante Modena V8,SUV: Standard,3.8,8,A8,Z,17.4,12.0,15.0,349,3,1,Europe
Maserati,Levante Trofeo,SUV: Standard,3.8,8,A8,Z,17.4,12.0,15.0,349,3,1,Europe
Maserati,MC20,Two-seater,3.0,6,AS8,Z,15.4,9.5,12.8,295,4,5,Europe
Maserati,Quattroporte GT,Full-size,3.0,6,A8,Z,14.4,9.3,12.1,281,4,3,Europe
Maserati,Quattroporte Modena,Full-size,3.0,6,A8,Z,14.4,9.3,12.1,281,4,3,Europe
Maserati,Quattroporte Modena AWD,Full-size,3.0,6,A8,Z,14.8,9.8,12.6,293,4,3,Europe
Maserati,Quattroporte Trofeo,Full-size,3.8,8,A8,Z,17.4,11.9,14.9,348,3,1,Europe
Mazda,CX-3,Compact,2.0,4,AS6,X,8.3,6.9,7.7,179,7,3,Asia
Mazda,CX-3 (SIL),Compact,2.0,4,M6,X,8.8,7.0,8.0,186,6,3,Asia
Mazda,CX-3 4WD,Compact,2.0,4,AS6,X,8.6,7.4,8.1,189,6,3,Asia
Mazda,CX-30 4WD,SUV: Small,2.0,4,AS6,X,9.4,7.7,8.6,202,6,7,Asia
Mazda,CX-30 4WD,SUV: Small,2.5,4,AS6,X,9.9,7.7,8.9,208,6,7,Asia
Mazda,CX-30 Turbo 4WD,SUV: Small,2.5,4,AS6,X,10.5,7.9,9.3,220,5,5,Asia
Mazda,CX-5 4WD,SUV: Small,2.5,4,AS6,X,10.2,8.2,9.3,216,5,6,Asia
Mazda,CX-5 4WD (Cylinder Deactivation),SUV: Small,2.5,4,AS6,X,9.9,7.9,9.0,209,5,6,Asia
Mazda,CX-5 Turbo 4WD,SUV: Small,2.5,4,AS6,X,10.8,8.7,9.8,230,5,5,Asia
Mazda,CX-9 4WD,SUV: Small,2.5,4,AS6,X,11.6,9.0,10.4,243,5,5,Asia
Mazda,Mazda3 4-Door,Compact,2.0,4,AS6,X,8.4,6.6,7.6,178,7,7,Asia
Mazda,Mazda3 4-Door (SIL),Compact,2.0,4,M6,X,8.7,6.4,7.7,180,7,7,Asia
Mazda,Mazda3 4-Door,Compact,2.5,4,AS6,X,8.9,6.5,7.8,183,6,7,Asia
Mazda,Mazda3 4-Door 4WD,Compact,2.5,4,AS6,X,9.5,7.2,8.5,199,6,7,Asia
Mazda,Mazda3 4-Door Turbo 4WD,Compact,2.5,4,AS6,X,10.1,7.3,8.8,207,6,5,Asia
Mazda,Mazda3 5-Door,Mid-size,2.0,4,AS6,X,8.6,6.7,7.7,181,7,7,Asia
Mazda,Mazda3 5-Door (SIL),Mid-size,2.0,4,M6,X,8.7,6.6,7.8,181,6,7,Asia
Mazda,Mazda3 5-Door,Mid-size,2.5,4,AS6,X,9.1,6.8,8.1,190,6,7,Asia
Mazda,Mazda3 5-Door (SIL),Mid-size,2.5,4,M6,X,9.6,7.1,8.4,198,6,7,Asia
Mazda,Mazda3 5-Door 4WD,Mid-size,2.5,4,AS6,X,9.5,7.4,8.6,200,6,7,Asia
Mazda,Mazda3 5-Door Turbo 4WD,Mid-size,2.5,4,AS6,X,10.1,7.5,8.9,209,5,5,Asia
Mazda,MX-5,Two-seater,2.0,4,AS6,Z,9.0,6.6,7.9,186,6,3,Asia
Mazda,MX-5 (SIL),Two-seater,2.0,4,M6,Z,9.0,7.0,8.1,189,6,3,Asia
Mercedes-Benz,A 220 4MATIC Sedan,Subcompact,2.0,4,AM7,Z,9.5,6.8,8.3,194,6,5,Europe
Mercedes-Benz,A 250 4MATIC Hatch,Station wagon: Small,2.0,4,AM7,Z,10.0,7.0,8.7,202,6,5,Europe
Mercedes-Benz,AMG A 35 4MATIC Sedan,Subcompact,2.0,4,AM7,Z,10.8,7.9,9.5,221,5,5,Europe
Mercedes-Benz,AMG A 35 4MATIC Hatch,Station wagon: Small,2.0,4,AM7,Z,10.8,7.8,9.4,221,5,5,Europe
Mercedes-Benz,AMG C 43 4MATIC Cabriolet,Subcompact,3.0,6,A9,Z,12.7,8.7,10.9,256,5,5,Europe
Mercedes-Benz,AMG C 43 4MATIC Coupe,Subcompact,3.0,6,A9,Z,12.6,8.5,10.8,252,5,5,Europe
Mercedes-Benz,AMG CLA 35 4MATIC Coupe,Compact,2.0,4,AM7,Z,11.0,8.2,9.7,227,5,5,Europe
Mercedes-Benz,AMG CLA 45 4MATIC Coupe,Compact,2.0,4,AM8,Z,12.0,8.5,10.4,243,5,3,Europe
Mercedes-Benz,AMG CLS 53 4MATIC+ Coupe,Compact,3.0,6,A9,Z,11.6,8.8,10.3,241,5,6,Europe
Mercedes-Benz,AMG E 53 4MATIC+ Sedan,Mid-size,3.0,6,A9,Z,11.3,8.3,9.9,232,5,6,Europe
Mercedes-Benz,AMG E 53 4MATIC+ Cabriolet,Subcompact,3.0,6,A9,Z,12.0,8.9,10.6,247,5,6,Europe
Mercedes-Benz,AMG E 53 4MATIC+ Coupe,Subcompact,3.0,6,A9,Z,11.7,8.4,10.2,239,5,6,Europe
Mercedes-Benz,AMG GLA 35 4MATIC SUV,Station wagon: Small,2.0,4,AM8,Z,11.0,8.4,9.8,230,5,5,Europe
Mercedes-Benz,AMG GLA 45 4MATIC SUV,Station wagon: Small,2.0,4,AM8,Z,12.3,9.6,11.1,260,4,3,Europe
Mercedes-Benz,AMG GLB 35 4MATIC SUV,Station wagon: Mid-size,2.0,4,AM8,Z,12.7,9.4,11.2,262,4,5,Europe
Mercedes-Benz,AMG GLC 43 4MATIC SUV,SUV: Small,3.0,6,A9,Z,12.9,9.3,11.3,264,4,5,Europe
Mercedes-Benz,AMG GLC 43 4MATIC Coupe,SUV: Small,3.0,6,A9,Z,14.0,10.1,12.3,287,4,5,Europe
Mercedes-Benz,AMG GLE 53 4MATIC+ SUV,SUV: Standard,3.0,6,A9,Z,13.4,10.6,12.1,283,4,6,Europe
Mercedes-Benz,AMG GLE 53 4MATIC+ Coupe,SUV: Standard,3.0,6,A9,Z,13.6,11.1,12.5,292,4,6,Europe
Mercedes-Benz,AMG GT 53 4MATIC+ Coupe,Compact,3.0,6,A9,Z,12.3,9.4,11.0,258,4,6,Europe
Mercedes-Benz,C 300 4MATIC Cabriolet,Subcompact,2.0,4,A9,Z,11.0,8.0,9.6,224,5,6,Europe
Mercedes-Benz,C 300 4MATIC Coupe,Subcompact,2.0,4,A9,Z,10.7,7.5,9.3,217,5,6,Europe
Mercedes-Benz,CLA 250 4MATIC Coupe,Compact,2.0,4,AM7,Z,9.8,7.0,8.6,200,6,5,Europe
Mercedes-Benz,CLS 450 4MATIC Coupe,Compact,3.0,6,A9,Z,11.1,8.2,9.8,229,5,6,Europe
Mercedes-Benz,E 350 4MATIC Sedan,Mid-size,2.0,4,A9,Z,11.2,8.2,9.8,229,5,6,Europe
Mercedes-Benz,E 450 4MATIC Sedan,Mid-size,3.0,6,A9,Z,10.5,7.9,9.3,218,5,6,Europe
Mercedes-Benz,E 450 4MATIC Cabriolet,Subcompact,3.0,6,A9,Z,11.2,8.4,9.9,233,5,6,Europe
Mercedes-Benz,E 450 4MATIC Coupe,Subcompact,3.0,6,A9,Z,11.0,8.0,9.6,225,5,6,Europe
Mercedes-Benz,E 450 4MATIC All-Terrain Wagon,Station wagon: Mid-size,3.0,6,A9,Z,11.0,8.3,9.8,229,5,6,Europe
Mercedes-Benz,GLA 250 4MATIC SUV,SUV: Small,2.0,4,AM8,Z,10.3,7.3,9.0,210,5,5,Europe
Mercedes-Benz,GLB 250 4MATIC SUV,SUV: Small,2.0,4,AM8,Z,10.9,7.9,9.5,224,5,5,Europe
Mercedes-Benz,GLC 300 4MATIC SUV,SUV: Small,2.0,4,A9,Z,11.5,9.1,10.4,242,5,6,Europe
Mercedes-Benz,GLC 300 4MATIC Coupe,SUV: Small,2.0,4,A9,Z,11.5,8.5,10.1,237,5,6,Europe
Mercedes-Benz,GLE 350 4MATIC SUV,SUV: Standard,2.0,4,A9,Z,12.1,8.9,10.7,250,5,5,Europe
Mercedes-Benz,GLE 450 4MATIC SUV,SUV: Standard,3.0,6,A9,Z,11.4,9.3,10.4,244,5,6,Europe
Mercedes-Benz,GLE 450 4MATIC Coupe,SUV: Standard,3.0,6,A9,Z,11.7,9.2,10.5,247,5,6,Europe
Mercedes-Benz,GLS 450 4MATIC SUV,SUV: Standard,3.0,6,A9,Z,12.8,10.0,11.5,269,4,6,Europe
Mercedes-Benz,Maybach S 580 4MATIC Sedan,Full-size,4.0,8,A9,Z,15.2,9.9,12.9,301,3,5,Europe
Mercedes-Benz,Metris Cargo Van,Special purpose vehicle,2.0,4,A9,Z,12.6,10.1,11.5,267,4,6,Europe
Mercedes-Benz,Metris Cargo Van LWB,Special purpose vehicle,2.0,4,A9,Z,12.6,10.1,11.5,267,4,6,Europe
Mercedes-Benz,Metris Passenger Van,Special purpose vehicle,2.0,4,A9,Z,13.3,10.6,12.1,282,4,6,Europe
Mercedes-Benz,S 500 4MATIC SWB Sedan,Full-size,3.0,6,A9,Z,11.4,8.0,9.9,231,5,6,Europe
Mercedes-Benz,S 580 4MATIC LWB Sedan,Full-size,4.0,8,A9,Z,14.3,9.5,12.2,285,4,5,Europe
MINI,Cooper 3 Door,Subcompact,1.5,3,AM7,Z,8.2,6.2,7.3,170,7,7,Europe
MINI,Cooper 3 Door,Subcompact,1.5,3,M6,Z,8.7,6.3,7.6,177,7,7,Europe
MINI,Cooper 5 Door,Subcompact,1.5,3,AM7,Z,8.2,6.2,7.3,170,7,7,Europe
MINI,Cooper 5 Door,Subcompact,1.5,3,M6,Z,8.7,6.3,7.6,177,7,7,Europe
MINI,Cooper Convertible,Minicompact,1.5,3,AM7,Z,8.2,6.2,7.3,170,7,7,Europe
MINI,Cooper Convertible,Minicompact,1.5,3,M6,Z,8.7,6.3,7.6,177,7,7,Europe
MINI,Cooper Countryman ALL4,Mid-size,1.5,3,AS8,Z,10.2,7.7,9.1,211,5,7,Europe
MINI,Cooper S 3 Door,Subcompact,2.0,4,AM7,Z,8.5,6.2,7.5,174,7,7,Europe
MINI,Cooper S 3 Door,Subcompact,2.0,4,M6,Z,10.5,7.3,9.1,211,5,7,Europe
MINI,Cooper S 5 Door,Subcompact,2.0,4,AM7,Z,8.5,6.2,7.5,174,7,7,Europe
MINI,Cooper S 5 Door,Subcompact,2.0,4,M6,Z,10.5,7.3,9.1,211,5,7,Europe
MINI,Cooper S Clubman ALL4,Mid-size,2.0,4,AS8,Z,10.2,7.4,8.9,207,6,7,Europe
MINI,Cooper S Convertible,Minicompact,2.0,4,AM7,Z,8.8,6.5,7.8,182,6,7,Europe
MINI,Cooper S Convertible,Minicompact,2.0,4,M6,Z,10.1,7.1,8.8,205,6,7,Europe
MINI,Cooper S Countryman ALL4,Mid-size,2.0,4,AS8,Z,10.4,7.5,9.1,212,5,7,Europe
MINI,John Cooper Works 3 Door,Subcompact,2.0,4,AS8,Z,9.3,6.9,8.2,191,6,7,Europe
MINI,John Cooper Works 3 Door,Subcompact,2.0,4,M6,Z,10.5,7.3,9.1,211,5,7,Europe
MINI,John Cooper Works Clubman ALL4,Mid-size,2.0,4,AS8,Z,10.1,7.6,9.0,210,5,3,Europe
MINI,John Cooper Works Convertible,Minicompact,2.0,4,AS8,Z,9.6,7.2,8.5,198,6,7,Europe
MINI,John Cooper Works Countryman ALL4,Mid-size,2.0,4,AS8,Z,10.4,7.8,9.2,210,5,3,Europe
Mitsubishi,Eclipse Cross 4WD,SUV: Small,1.5,4,AV8,X,9.6,8.9,9.3,216,5,5,America
Mitsubishi,Mirage,Compact,1.2,3,AV,X,6.6,5.6,6.2,143,8,5,America
Mitsubishi,Mirage,Compact,1.2,3,M5,X,7.1,5.8,6.5,151,8,5,America
Mitsubishi,Outlander 4WD,SUV: Small,2.5,4,AV8,X,9.7,7.9,8.9,208,6,6,America
Mitsubishi,RVR,SUV: Small,2.0,4,AV6,X,9.7,7.8,8.8,206,6,5,America
Mitsubishi,RVR 4WD,SUV: Small,2.0,4,AV6,X,10.1,8.2,9.2,213,5,5,America
Mitsubishi,RVR 4WD,SUV: Small,2.4,4,AV6,X,10.3,8.3,9.4,218,5,5,America
Nissan,Altima AWD,Mid-size,2.5,4,AV,X,9.1,6.5,7.9,186,6,7,Asia
Nissan,Altima AWD SR/Platinum,Mid-size,2.5,4,AV,X,9.3,6.7,8.1,190,6,7,Asia
Nissan,Armada 4WD,SUV: Standard,5.6,8,AS7,Z,17.5,12.9,15.4,362,2,3,Asia
Nissan,Frontier,Pickup truck: Standard,3.8,6,AS9,X,12.8,9.5,11.3,266,4,5,Asia
Nissan,Frontier 4WD,Pickup truck: Standard,3.8,6,AS9,X,13.7,10.6,12.3,288,4,5,Asia
Nissan,Kicks,Mid-size,1.6,4,AV,X,7.7,6.6,7.2,169,7,7,Asia
Nissan,Maxima,Mid-size,3.5,6,AV7,Z,11.6,7.9,9.9,233,5,3,Asia
Nissan,Murano AWD,Station wagon: Mid-size,3.5,6,AV7,X,12.0,8.5,10.4,245,5,5,Asia
Nissan,Pathfinder 4WD,SUV: Small,3.5,6,AS9,X,11.6,9.2,10.5,246,5,5,Asia
Nissan,Qashqai,Station wagon: Small,2.0,4,AV8,X,8.6,7.3,8.0,188,6,6,Asia
Nissan,Qashqai,Station wagon: Small,2.0,4,M6,X,10.0,7.9,9.1,213,5,6,Asia
Nissan,Qashqai AWD,Station wagon: Small,2.0,4,AV8,X,9.0,7.5,8.3,196,6,6,Asia
Nissan,Rogue,SUV: Small,1.5,3,AV8,X,7.8,6.5,7.2,169,7,6,Asia
Nissan,Rogue,SUV: Small,2.5,4,AV8,X,9.0,7.1,8.1,190,6,7,Asia
Nissan,Rogue AWD,SUV: Small,1.5,3,AV8,X,8.4,6.7,7.6,179,7,6,Asia
Nissan,Rogue AWD SL/Platinum,SUV: Small,1.5,3,AV8,X,8.4,6.8,7.7,181,6,6,Asia
Nissan,Rogue AWD,SUV: Small,2.5,4,AV8,X,9.2,7.2,8.3,195,6,7,Asia
Nissan,Sentra,Mid-size,2.0,4,AV,X,8.0,6.0,7.1,167,7,7,Asia
Nissan,Sentra SR,Mid-size,2.0,4,AV,X,8.2,6.1,7.3,171,7,7,Asia
Nissan,Sentra,Mid-size,2.0,4,M6,X,9.2,6.2,7.9,185,6,7,Asia
Nissan,Sentra SR,Mid-size,2.0,4,M6,X,9.4,6.4,8.1,189,6,7,Asia
Nissan,Versa,Compact,1.6,4,AV,X,7.4,5.9,6.7,158,7,7,Asia
Nissan,Versa,Compact,1.6,4,M5,X,8.6,6.7,7.7,181,7,7,Asia
Porsche,718 Boxster,Two-seater,2.0,4,AM7,Z,11.0,8.7,10.0,233,5,1,Europe
Porsche,718 Boxster,Two-seater,2.0,4,M6,Z,11.7,8.9,10.5,245,5,1,Europe
Porsche,718 Boxster T,Two-seater,2.0,4,AM7,Z,11.2,8.7,10.1,236,5,1,Europe
Porsche,718 Boxster T,Two-seater,2.0,4,M6,Z,11.7,8.9,10.5,245,5,1,Europe
Porsche,718 Boxster S,Two-seater,2.5,4,AM7,Z,12.2,9.2,10.9,255,5,1,Europe
Porsche,718 Boxster S,Two-seater,2.5,4,M6,Z,12.5,9.6,11.2,263,4,1,Europe
Porsche,718 Boxster GTS 4.0,Two-seater,4.0,6,AM7,Z,12.3,9.8,11.1,260,4,5,Europe
Porsche,718 Boxster GTS 4.0,Two-seater,4.0,6,M6,Z,14.0,10.0,12.2,284,4,5,Europe
Porsche,718 Cayman,Two-seater,2.0,4,AM7,Z,11.0,8.7,10.0,233,5,1,Europe
Porsche,718 Cayman,Two-seater,2.0,4,M6,Z,11.7,8.9,10.5,245,5,1,Europe
Porsche,718 Cayman T,Two-seater,2.0,4,AM7,Z,11.2,8.7,10.1,236,5,1,Europe
Porsche,718 Cayman T,Two-seater,2.0,4,M6,Z,11.7,8.9,10.5,245,5,1,Europe
Porsche,718 Cayman S,Two-seater,2.5,4,AM7,Z,12.2,9.2,10.9,255,5,1,Europe
Porsche,718 Cayman S,Two-seater,2.5,4,M6,Z,12.5,9.6,11.2,263,4,1,Europe
Porsche,718 Cayman GT4,Two-seater,4.0,6,AM7,Z,13.0,9.9,11.6,271,4,5,Europe
Porsche,718 Cayman GT4,Two-seater,4.0,6,M6,Z,14.0,10.1,12.2,286,4,5,Europe
Porsche,718 Cayman GTS 4.0,Two-seater,4.0,6,AM7,Z,12.3,9.8,11.1,260,4,5,Europe
Porsche,718 Cayman GTS 4.0,Two-seater,4.0,6,M6,Z,14.0,10.0,12.2,284,4,5,Europe
Porsche,718 Spyder,Two-seater,4.0,6,AM7,Z,13.0,9.9,11.6,271,4,5,Europe
Porsche,718 Spyder,Two-seater,4.0,6,M6,Z,14.0,10.1,12.2,286,4,5,Europe
Porsche,911 Carrera,Minicompact,3.0,6,AM8,Z,13.1,9.8,11.6,275,4,5,Europe
Porsche,911 Carrera Cabriolet,Minicompact,3.0,6,AM8,Z,13.1,9.8,11.6,275,4,5,Europe
Porsche,911 Carrera 4,Minicompact,3.0,6,AM8,Z,13.1,9.8,11.6,275,4,5,Europe
Porsche,911 Carrera 4 Cabriolet,Minicompact,3.0,6,AM8,Z,13.1,9.7,11.6,275,4,5,Europe
Porsche,911 Carrera S,Minicompact,3.0,6,AM8,Z,12.9,10.2,11.7,274,4,5,Europe
Porsche,911 Carrera S,Minicompact,3.0,6,M7,Z,12.8,9.4,11.3,264,4,5,Europe
Porsche,911 Carrera S Cabriolet,Minicompact,3.0,6,AM8,Z,12.9,10.2,11.7,273,4,5,Europe
Porsche,911 Carrera S Cabriolet,Minicompact,3.0,6,M7,Z,13.8,9.4,11.8,275,4,5,Europe
Porsche,911 Carrera 4S,Minicompact,3.0,6,AM8,Z,13.0,10.2,11.8,275,4,5,Europe
Porsche,911 Carrera 4S,Minicompact,3.0,6,M7,Z,13.8,9.3,11.8,275,4,5,Europe
Porsche,911 Carrera 4S Cabriolet,Minicompact,3.0,6,AM8,Z,12.8,10.2,11.7,273,4,5,Europe
Porsche,911 Carrera 4S Cabriolet,Minicompact,3.0,6,M7,Z,13.8,9.8,12.0,281,4,5,Europe
Porsche,911 Carrera GTS,Minicompact,3.0,6,AM8,Z,13.8,10.1,12.1,289,4,5,Europe
Porsche,911 Carrera GTS,Minicompact,3.0,6,M7,Z,13.5,9.8,11.9,276,4,5,Europe
Porsche,911 Carrera GTS Cabriolet,Minicompact,3.0,6,AM8,Z,13.8,10.2,12.2,289,4,5,Europe
Porsche,911 Carrera GTS Cabriolet,Minicompact,3.0,6,M7,Z,13.8,9.6,11.9,278,4,5,Europe
Porsche,911 Carrera 4 GTS,Minicompact,3.0,6,AM8,Z,13.8,10.1,12.1,288,4,5,Europe
Porsche,911 Carrera 4 GTS,Minicompact,3.0,6,M7,Z,13.8,10.2,12.2,289,4,5,Europe
Porsche,911 Carrera 4 GTS Cabriolet,Minicompact,3.0,6,AM8,Z,13.7,10.7,12.3,288,4,5,Europe
Porsche,911 Carrera 4 GTS Cabriolet,Minicompact,3.0,6,M7,Z,14.7,10.2,12.7,296,4,5,Europe
Porsche,911 GT3,Minicompact,4.0,6,AM7,Z,15.6,12.7,14.3,334,3,3,Europe
Porsche,911 GT3,Minicompact,4.0,6,M6,Z,17.0,13.1,15.2,355,3,3,Europe
Porsche,911 GT3 Touring,Minicompact,4.0,6,AM7,Z,15.7,12.7,14.4,335,3,3,Europe
Porsche,911 GT3 Touring,Minicompact,4.0,6,M6,Z,16.9,13.1,15.2,354,3,3,Europe
Porsche,911 Targa 4,Minicompact,3.0,6,AM8,Z,13.1,9.8,11.6,275,4,5,Europe
Porsche,911 Targa 4S,Minicompact,3.0,6,AM8,Z,13.1,10.2,11.8,274,4,5,Europe
Porsche,911 Targa 4S,Minicompact,3.0,6,M7,Z,13.7,9.8,11.9,278,4,5,Europe
Porsche,911 Targa 4 GTS,Minicompact,3.0,6,AM8,Z,13.6,10.7,12.3,287,4,5,Europe
Porsche,911 Targa 4 GTS,Minicompact,3.0,6,M7,Z,14.7,10.2,12.7,296,4,5,Europe
Porsche,911 Turbo,Minicompact,3.7,6,AM8,Z,15.2,11.9,13.7,321,3,5,Europe
Porsche,911 Turbo Cabriolet,Minicompact,3.7,6,AM8,Z,15.6,11.8,13.9,324,3,5,Europe
Porsche,911 Turbo S,Minicompact,3.7,6,AM8,Z,15.3,11.8,13.7,321,3,5,Europe
Porsche,911 Turbo S Cabriolet,Minicompact,3.7,6,AM8,Z,16.0,11.8,14.1,328,3,5,Europe
Porsche,Cayenne,SUV: Standard,3.0,6,AS8,Z,13.8,10.7,12.4,289,4,5,Europe
Porsche,Cayenne Coupe,SUV: Standard,3.0,6,AS8,Z,13.8,10.7,12.4,289,4,5,Europe
Porsche,Cayenne S,SUV: Standard,2.9,6,AS8,Z,14.7,10.6,12.9,307,3,5,Europe
Porsche,Cayenne S Coupe,SUV: Standard,2.9,6,AS8,Z,14.4,11.2,13.0,305,3,5,Europe
Porsche,Cayenne GTS,SUV: Standard,4.0,8,AS8,Z,15.8,12.3,14.2,331,3,3,Europe
Porsche,Cayenne GTS Coupe,SUV: Standard,4.0,8,AS8,Z,15.2,12.4,14.0,326,3,3,Europe
Porsche,Cayenne Turbo,SUV: Standard,4.0,8,AS8,Z,16.8,12.4,14.8,343,3,3,Europe
Porsche,Cayenne Turbo Coupe,SUV: Standard,4.0,8,AS8,Z,15.9,12.0,14.1,330,3,3,Europe
Porsche,Cayenne Turbo GT,SUV: Standard,4.0,8,AS8,Z,16.8,12.4,14.8,345,3,3,Europe
Porsche,Macan,SUV: Small,2.0,4,AM7,Z,12.4,9.3,11.0,263,4,5,Europe
Porsche,Macan S,SUV: Small,2.9,6,AM7,Z,13.8,10.1,12.2,289,4,5,Europe
Porsche,Macan GTS,SUV: Small,2.9,6,AM7,Z,13.5,10.7,12.2,290,4,5,Europe
Porsche,Panamera,Full-size,2.9,6,AM8,Z,13.1,9.8,11.6,274,4,5,Europe
Porsche,Panamera 4,Full-size,2.9,6,AM8,Z,12.8,9.8,11.5,274,4,5,Europe
Porsche,Panamera 4 Executive,Full-size,2.9,6,AM8,Z,13.8,10.2,12.2,289,4,5,Europe
Porsche,Panamera 4 ST,Full-size,2.9,6,AM8,Z,12.8,10.2,11.7,274,4,5,Europe
Porsche,Panamera 4S,Full-size,2.9,6,AM8,Z,12.8,9.8,11.4,276,4,5,Europe
Porsche,Panamera 4S Executive,Full-size,2.9,6,AM8,Z,13.8,10.2,12.2,292,4,5,Europe
Porsche,Panamera 4S ST,Full-size,2.9,6,AM8,Z,13.8,10.2,12.2,292,4,5,Europe
Porsche,Panamera GTS,Full-size,4.0,8,AM8,Z,15.7,11.2,13.7,323,3,3,Europe
Porsche,Panamera GTS ST,Full-size,4.0,8,AM8,Z,15.7,11.8,13.9,323,3,3,Europe
Porsche,Panamera Turbo S,Full-size,4.0,8,AM8,Z,15.3,11.2,13.5,326,3,3,Europe
Porsche,Panamera Turbo S Executive,Full-size,4.0,8,AM8,Z,15.3,11.2,13.5,326,3,3,Europe
Porsche,Panamera Turbo S ST,Full-size,4.0,8,AM8,Z,15.3,11.2,13.5,326,3,3,Europe
Ram,1500 EcoDiesel,Pickup truck: Standard,3.0,6,A8,D,10.5,7.3,9.0,243,5,1,America
Ram,1500 HFE EcoDiesel,Pickup truck: Standard,3.0,6,A8,D,10.4,7.1,8.9,238,5,1,America
Ram,1500 eTorque,Pickup truck: Standard,3.6,6,A8,X,11.9,9.4,10.8,253,5,5,America
Ram,1500 HFE eTorque,Pickup truck: Standard,3.6,6,A8,X,11.6,9.0,10.4,245,5,5,America
Ram,1500,Pickup truck: Standard,5.7,8,A8,X,16.2,10.5,13.6,320,3,5,America
Ram,1500 eTorque,Pickup truck: Standard,5.7,8,A8,X,13.0,10.0,11.7,275,4,5,America
Ram,1500 4X4 EcoDiesel,Pickup truck: Standard,3.0,6,A8,D,11.1,8.0,9.7,260,4,1,America
Ram,1500 4X4 eTorque,Pickup truck: Standard,3.6,6,A8,X,12.2,9.7,11.1,260,4,5,America
Ram,1500 4X4,Pickup truck: Standard,5.7,8,A8,X,16.1,11.0,13.8,325,3,5,America
Ram,1500 4X4 eTorque,Pickup truck: Standard,5.7,8,A8,X,13.4,10.5,12.1,284,4,5,America
Ram,1500 4X4 TRX,Pickup truck: Standard,6.2,8,A8,Z,22.4,16.5,19.8,465,1,1,America
Ram,1500 Classic,Pickup truck: Standard,3.6,6,A8,X,13.9,9.6,11.9,280,4,3,America
Ram,1500 Classic,Pickup truck: Standard,5.7,8,A8,X,15.9,11.1,13.7,323,3,3,America
Ram,1500 Classic 4X4,Pickup truck: Standard,3.6,6,A8,X,14.5,10.2,12.6,295,4,3,America
Ram,1500 Classic 4X4,Pickup truck: Standard,5.7,8,A8,X,16.2,11.6,14.1,330,3,3,America
Ram,ProMaster City,Special purpose vehicle,2.4,4,A9,X,11.2,8.3,9.9,232,5,6,America
Rolls-Royce,Cullinan,Station wagon: Mid-size,6.7,12,AS8,Z,20.1,12.1,16.5,386,2,3,Europe
Rolls-Royce,Cullinan Black Badge,Station wagon: Mid-size,6.7,12,AS8,Z,20.1,12.1,16.5,386,2,3,Europe
Rolls-Royce,Ghost,Full-size,6.7,12,AS8,Z,19.9,12.7,16.7,387,2,3,Europe
Rolls-Royce,Ghost Black Badge,Full-size,6.7,12,AS8,Z,19.9,12.7,16.7,387,2,3,Europe
Rolls-Royce,Ghost EWB,Full-size,6.7,12,AS8,Z,19.9,12.7,16.7,387,2,3,Europe
Rolls-Royce,Phantom,Full-size,6.7,12,AS8,Z,20.0,11.8,16.3,382,2,3,Europe
Rolls-Royce,Phantom EWB,Full-size,6.7,12,AS8,Z,20.0,11.8,16.3,382,2,3,Europe
Subaru,Ascent AWD,SUV: Standard,2.4,4,AV8,X,11.7,9.0,10.5,245,5,3,Asia
Subaru,BRZ,Minicompact,2.4,4,AS6,Z,11.0,7.7,9.5,224,5,3,Asia
Subaru,BRZ,Minicompact,2.4,4,M6,Z,12.0,8.8,10.5,247,5,3,Asia
Subaru,Crosstrek AWD,SUV: Small,2.0,4,AV8,X,8.5,7.0,7.9,184,6,7,Asia
Subaru,Crosstrek AWD,SUV: Small,2.0,4,M6,X,10.5,8.1,9.4,220,5,7,Asia
Subaru,Crosstrek AWD,SUV: Small,2.5,4,AV8,X,8.8,7.0,8.0,188,6,7,Asia
Subaru,Forester AWD,SUV: Small,2.5,4,AV7,X,9.0,7.2,8.2,192,6,7,Asia
Subaru,Forester Wilderness AWD,SUV: Small,2.5,4,AV8,X,9.5,8.3,9.0,210,5,7,Asia
Subaru,Impreza 4-Door AWD,Mid-size,2.0,4,AV7,X,8.3,6.4,7.4,174,7,7,Asia
Subaru,Impreza 4-Door AWD,Mid-size,2.0,4,M5,X,10.1,7.5,9.0,209,5,7,Asia
Subaru,Impreza 5-Door AWD,Station wagon: Small,2.0,4,AV7,X,8.4,6.6,7.6,178,7,7,Asia
Subaru,Impreza 5-Door AWD,Station wagon: Small,2.0,4,M5,X,10.1,7.7,9.0,211,5,7,Asia
Subaru,Legacy AWD,Full-size,2.4,4,AV8,X,9.9,7.3,8.7,205,6,3,Asia
Subaru,Legacy AWD,Full-size,2.5,4,AV8,X,8.8,6.7,7.8,184,6,7,Asia
Subaru,Outback AWD,SUV: Small,2.4,4,AV8,X,10.1,7.9,9.1,213,5,3,Asia
Subaru,Outback AWD,SUV: Small,2.5,4,AV8,X,9.0,7.1,8.2,192,6,7,Asia
Subaru,Outback Wilderness AWD,SUV: Small,2.4,4,AV8,X,10.9,8.9,10.0,235,5,3,Asia
Subaru,WRX AWD,Mid-size,2.4,4,AV8,Z,12.7,9.4,11.2,262,4,3,Asia
Subaru,WRX AWD,Mid-size,2.4,4,M6,Z,12.3,9.0,10.8,254,5,3,Asia
Toyota,4Runner 4WD,SUV: Standard,4.0,6,AS5,X,14.9,12.6,13.8,323,3,5,Asia
Toyota,4Runner 4WD (Part-Time 4WD) ,SUV: Standard,4.0,6,AS5,X,14.8,12.5,13.8,321,3,5,Asia
Toyota,C-HR,Compact,2.0,4,AS7,X,8.7,7.5,8.2,189,6,3,Asia
Toyota,Camry LE/SE,Mid-size,2.5,4,AS8,X,8.5,6.1,7.4,174,7,7,Asia
Toyota,Camry XSE,Mid-size,2.5,4,AS8,X,8.6,6.3,7.6,178,7,7,Asia
Toyota,Camry XSE V6,Mid-size,3.5,6,AS8,X,10.7,7.4,9.2,215,5,5,Asia
Toyota,Camry TRD,Mid-size,3.5,6,AS8,X,10.8,7.6,9.4,220,5,5,Asia
Toyota,Camry AWD SE,Mid-size,2.5,4,AS8,X,9.4,6.8,8.2,192,6,6,Asia
Toyota,Camry AWD XSE,Mid-size,2.5,4,AS8,X,9.5,7.0,8.4,195,6,6,Asia
Toyota,Camry Hybrid LE,Mid-size,2.5,4,AV,X,4.9,4.8,4.9,113,9,7,Asia
Toyota,Camry Hybrid SE/XLE/XSE,Mid-size,2.5,4,AV,X,5.3,5.0,5.1,121,9,7,Asia
Toyota,Corolla,Compact,1.8,4,AV,X,7.9,6.2,7.1,166,7,5,Asia
Toyota,Corolla XLE,Compact,1.8,4,AV,X,8.1,6.3,7.3,170,7,5,Asia
Toyota,Corolla,Compact,1.8,4,M6,X,8.0,6.0,7.1,165,7,5,Asia
Toyota,Corolla,Compact,2.0,4,AV10,X,7.6,5.9,6.8,159,7,7,Asia
Toyota,Corolla XSE,Compact,2.0,4,AV10,X,7.7,6.1,7.0,164,7,7,Asia
Toyota,Corolla,Compact,2.0,4,M6,X,8.2,6.5,7.4,172,7,7,Asia
Toyota,Corolla Apex Edition,Compact,2.0,4,AV10,X,7.7,6.2,7.0,164,7,7,Asia
Toyota,Corolla Hatchback,Compact,2.0,4,AV10,X,7.5,5.9,6.8,159,7,7,Asia
Toyota,Corolla Hatchback,Compact,2.0,4,M6,X,8.4,6.7,7.6,179,7,7,Asia
Toyota,Corolla Hybrid,Compact,1.8,4,AV,X,4.4,4.5,4.5,106,9,7,Asia
Toyota,Corolla Cross,SUV: Small,2.0,4,AV10,X,7.6,7.0,7.3,171,7,7,Asia
Toyota,Corolla Cross AWD,SUV: Small,2.0,4,AV10,X,8.1,7.4,7.8,182,6,7,Asia
Toyota,GR 86,Minicompact,2.4,4,AS6,Z,11.1,7.7,9.6,224,5,3,Asia
Toyota,GR 86,Minicompact,2.4,4,M6,Z,11.9,8.7,10.5,246,5,3,Asia
Toyota,GR Supra 2.0,Two-seater,2.0,4,AS8,Z,9.3,7.2,8.4,195,6,7,Asia
Toyota,GR Supra 3.0,Two-seater,3.0,6,AS8,Z,10.6,8.0,9.4,218,5,5,Asia
Toyota,Highlander AWD,SUV: Small,3.5,6,AS8,X,11.8,8.6,10.3,241,5,5,Asia
Toyota,Highlander Hybrid AWD,SUV: Standard,2.5,4,AV,X,6.7,6.8,6.7,158,7,7,Asia
Toyota,Highlander Hybrid AWD Limited/Platinum,SUV: Standard,2.5,4,AV,X,6.6,6.8,6.7,156,7,7,Asia
Toyota,Prius,Mid-size,1.8,4,AV,X,4.4,4.7,4.5,106,9,7,Asia
Toyota,Prius AWD,Mid-size,1.8,4,AV,X,4.6,5.0,4.8,111,9,7,Asia
Toyota,RAV4,SUV: Small,2.5,4,AS8,X,8.8,6.8,7.9,184,6,7,Asia
Toyota,RAV4 (Stop/Start),SUV: Small,2.5,4,AS8,X,8.5,6.8,7.7,180,7,7,Asia
Toyota,RAV4 AWD,SUV: Small,2.5,4,AS8,X,9.5,7.1,8.4,198,6,6,Asia
Toyota,RAV4 AWD (Stop/Start),SUV: Small,2.5,4,AS8,X,8.8,7.1,8.0,187,6,6,Asia
Toyota,RAV4 AWD LE,SUV: Small,2.5,4,AS8,X,8.7,6.9,7.9,184,6,6,Asia
Toyota,RAV4 AWD TRD Off-Road,SUV: Small,2.5,4,AS8,X,9.5,7.4,8.5,200,6,6,Asia
Toyota,RAV4 Hybrid AWD,SUV: Small,2.5,4,AV,X,5.8,6.3,6.0,140,8,7,Asia
Toyota,Sequoia 4WD,SUV: Standard,5.7,8,AS6,X,18.5,13.9,16.4,385,2,5,Asia
Toyota,Sienna,Minivan,2.5,4,AV,X,6.6,6.5,6.6,154,7,7,Asia
Toyota,Sienna AWD,Minivan,2.5,4,AV,X,6.8,6.6,6.7,158,7,7,Asia
Toyota,Tacoma 4WD,Pickup truck: Small,3.5,6,AS6,X,13.0,10.5,11.8,278,4,5,Asia
Toyota,Tacoma 4WD,Pickup truck: Small,3.5,6,M6,X,13.8,11.4,12.7,299,3,5,Asia
Toyota,Tacoma 4WD D-Cab TRD Off-Road/PRO,Pickup truck: Small,3.5,6,M6,X,13.8,11.7,12.9,300,3,5,Asia
Toyota,Tundra,Pickup truck: Standard,3.4,6,AS10,X,13.1,10.1,11.8,277,4,5,Asia
Toyota,Tundra 4WD,Pickup truck: Standard,3.4,6,AS10,X,13.6,10.4,12.2,285,4,5,Asia
Toyota,Tundra 4WD TRD,Pickup truck: Standard,3.4,6,AS10,X,13.5,10.6,12.2,286,4,5,Asia
Toyota,Tundra Hybrid 4WD,Pickup truck: Standard,3.4,6,AS10,X,12.7,10.5,11.7,274,4,5,Asia
Toyota,Tundra Hybrid 4WD TRD PRO,Pickup truck: Standard,3.4,6,AS10,X,12.5,11.2,11.9,277,4,5,Asia
Toyota,Venza AWD,SUV: Small,2.5,4,AV,X,5.9,6.4,6.1,142,8,7,Asia
Volkswagen,Atlas 4MOTION,SUV: Small,2.0,4,AS8,X,11.5,9.5,10.6,249,5,3,Europe
Volkswagen,Atlas 4MOTION,SUV: Small,3.6,6,AS8,X,13.8,10.2,12.2,286,4,5,Europe
Volkswagen,Atlas Cross Sport 4MOTION,SUV: Small,2.0,4,AS8,X,11.6,9.7,10.7,252,5,3,Europe
Volkswagen,Atlas Cross Sport 4MOTION,SUV: Small,3.6,6,AS8,X,13.1,10.0,11.7,275,4,5,Europe
Volkswagen,Golf GTI,Mid-size,2.0,4,AM7,X,9.3,7.0,8.3,194,6,5,Europe
Volkswagen,Golf GTI,Mid-size,2.0,4,M6,X,9.8,6.9,8.5,198,6,5,Europe
Volkswagen,Golf R,Mid-size,2.0,4,AM7,Z,10.3,7.7,9.1,213,5,5,Europe
Volkswagen,Golf R,Mid-size,2.0,4,M6,Z,11.8,8.3,10.2,237,5,5,Europe
Volkswagen,Jetta,Compact,1.5,4,AS8,X,7.7,5.7,6.8,159,7,7,Europe
Volkswagen,Jetta SE/SEL,Compact,1.5,4,AS8,X,8.1,5.8,7.1,167,7,7,Europe
Volkswagen,Jetta,Compact,1.5,4,M6,X,8.0,5.5,6.9,161,7,7,Europe
Volkswagen,Jetta GLI,Compact,2.0,4,AM7,X,9.0,6.5,7.9,185,6,7,Europe
Volkswagen,Jetta GLI,Compact,2.0,4,M6,X,9.1,6.4,7.9,186,6,7,Europe
Volkswagen,Passat,Mid-size,2.0,4,AS6,X,9.7,6.6,8.3,196,6,7,Europe
Volkswagen,Taos,SUV: Small,1.5,4,A8,X,8.4,6.6,7.6,178,7,7,Europe
Volkswagen,Taos 4MOTION,SUV: Small,1.5,4,A7,X,9.5,7.4,8.5,200,6,7,Europe
Volkswagen,Tiguan 4MOTION,SUV: Small,2.0,4,AS8,X,10.6,8.0,9.4,222,5,7,Europe
Volkswagen,Tiguan R-Line 4MOTION,SUV: Small,2.0,4,AS8,X,11.0,8.3,9.8,229,5,7,Europe
Volvo,S60 B5,Compact,2.0,4,AS8,Z,9.0,6.7,8.0,186,6,5,Europe
Volvo,S60 B5 AWD,Compact,2.0,4,AS8,Z,9.4,6.9,8.3,193,6,5,Europe
Volvo,S90 B6 AWD,Mid-size,2.0,4,AS8,Z,10.4,7.5,9.1,212,5,7,Europe
Volvo,V60 T6 AWD,Station wagon: Small,2.0,4,AS8,Z,11.3,7.5,9.6,224,5,7,Europe
Volvo,V60 CC T5 AWD,Station wagon: Small,2.0,4,AS8,Z,10.9,7.7,9.5,221,5,5,Europe
Volvo,V90 CC B6 AWD,Station wagon: Mid-size,2.0,4,AS8,Z,10.6,8.1,9.5,222,5,7,Europe
Volvo,XC40 T4 AWD,SUV: Small,2.0,4,AS8,X,10.7,7.6,9.3,217,5,5,Europe
Volvo,XC40 T5 AWD,SUV: Small,2.0,4,AS8,Z,10.7,7.7,9.4,219,5,5,Europe
Volvo,XC60 B5 AWD,SUV: Small,2.0,4,AS8,Z,10.5,8.1,9.4,219,5,5,Europe
Volvo,XC60 B6 AWD,SUV: Small,2.0,4,AS8,Z,11.0,8.7,9.9,232,5,7,Europe
Volvo,XC90 T5 AWD,SUV: Standard,2.0,4,AS8,Z,11.5,8.4,10.1,236,5,5,Europe
Volvo,XC90 T6 AWD,SUV: Standard,2.0,4,AS8,Z,12.4,8.9,10.8,252,5,7,Europe
